Date/time,Anemômetro;wind_speed;Avg,Anemômetro;wind_speed;Max,Anemômetro;wind_speed;Min,Anemômetro;wind_speed;StdDev,Anemômetro;wind_speed;Count,TH;humidity;Avg,TH;humidity;Max,TH;humidity;Min,TH;humidity;StdDev,TH;humidity;Count,TH;temperature;Avg,TH;temperature;Max,TH;temperature;Min,TH;temperature;StdDev,TH;temperature;Count,Piranômetro 1;solar_irradiance;Avg,Piranômetro 1;solar_irradiance;Max,Piranômetro 1;solar_irradiance;Min,Piranômetro 1;solar_irradiance;StdDev,Piranômetro 1;solar_irradiance;Count,Piranômetro 2;solar_irradiance;Avg,Piranômetro 2;solar_irradiance;Max,Piranômetro 2;solar_irradiance;Min,Piranômetro 2;solar_irradiance;StdDev,Piranômetro 2;solar_irradiance;Count,Piranômetro 3;solar_irradiance;Avg,Piranômetro 3;solar_irradiance;Max,Piranômetro 3;solar_irradiance;Min,Piranômetro 3;solar_irradiance;StdDev,Piranômetro 3;solar_irradiance;Count,Pluviômetro;precipitation;Count,Pluviômetro;precipitation;Sum,Albedo;albedo;Avg,Albedo;albedo;Max,Albedo;albedo;Min,Albedo;albedo;StdDev,Albedo;albedo;Count,A1;Avg,A1;Max,A1;Min,A1;StdDev,A1;Count,A2;Avg,A2;Max,A2;Min,A2;StdDev,A2;Count,A3;Avg,A3;Max,A3;Min,A3;StdDev,A3;Count,A4;Avg,A4;Max,A4;Min,A4;StdDev,A4;Count,A5;Avg,A5;Max,A5;Min,A5;StdDev,A5;Count,C1;Avg,C1;Max,C1;Min,C1;StdDev,C1;Count,C2;Avg,C2;Max,C2;Min,C2;StdDev,C2;Count,V;Avg,V;Max,V;Min,I;Avg,I;Max,I;Min,T;Avg,addr
2025-03-02 00:00:00,0.3317,0.48,0.32,0.0309,600,97.5307,97.75,97.35,0.0894,600,23.42832,23.459,23.399,0.01873,600,0.000,0.0,0.0,0.000,600,0.000,0.0,0.0,0.000,600,0.387,0.7,0.0,0.120,600,600,0.0,---,---,---,---,0,0.5342832,0.53459,0.53399,0.0001873,600,0.975307,0.9775,0.9735,0.000894,600,-0.00000041,0.000000,-0.000003,0.00000110,600,-0.00000104,0.000000,-0.000003,0.00000156,600,0.00000377,0.000007,0.000000,0.00000117,600,0.15,2,0,0.39,600,0.00,0,0,0.00,600,12.4097,12.51,12.34,48.55,53,46,23.92,116468
2025-03-02 00:10:00,0.3200,0.32,0.32,0.0000,600,97.7649,97.89,97.69,0.0495,600,23.40683,23.422,23.395,0.00638,600,0.000,0.0,0.0,0.000,600,0.000,0.0,0.0,0.000,600,0.438,0.7,0.0,0.156,600,600,0.0,---,---,---,---,0,0.5340683,0.53422,0.53395,0.0000638,600,0.977649,0.9789,0.9769,0.000495,600,-0.00000001,0.000000,-0.000003,0.00000014,600,-0.00000002,0.000000,-0.000003,0.00000024,600,0.00000427,0.000007,0.000000,0.00000152,600,0.00,0,0,0.00,600,0.00,0,0,0.00,600,12.4060,12.46,12.35,48.59,54,46,23.93,116516
2025-03-02 00:20:00,0.3200,0.32,0.32,0.0000,600,97.9452,98.02,97.82,0.0415,600,23.43729,23.452,23.416,0.00930,600,0.000,0.0,0.0,0.000,600,0.000,0.0,0.0,0.000,600,0.488,0.7,0.3,0.170,600,600,0.0,---,---,---,---,0,0.5343729,0.53452,0.53416,0.0000930,600,0.979452,0.9802,0.9782,0.000415,600,0.00000000,0.000000,0.000000,0.00000000,600,-0.00000001,0.000000,-0.000003,0.00000014,600,0.00000476,0.000007,0.000003,0.00000165,600,0.00,0,0,0.00,600,0.00,0,0,0.00,600,12.4052,12.45,12.35,48.41,51,46,23.93,116564
2025-03-02 00:30:00,0.3264,0.48,0.32,0.0243,600,97.8958,98.12,97.69,0.1408,600,23.45007,23.469,23.422,0.01140,600,0.000,0.0,0.0,0.000,600,0.000,0.0,0.0,0.000,600,0.433,0.7,0.3,0.150,600,600,0.0,---,---,---,---,0,0.5345007,0.53469,0.53422,0.0001140,600,0.978958,0.9812,0.9769,0.001408,600,-0.00000008,0.000000,-0.000003,0.00000051,600,-0.00000024,0.000000,-0.000003,0.00000086,600,0.00000422,0.000007,0.000003,0.00000146,600,0.08,2,0,0.31,600,0.00,0,0,0.00,600,12.4043,12.46,12.35,48.11,51,46,23.95,116613
2025-03-02 00:40:00,0.3211,0.40,0.32,0.0090,600,97.7444,97.82,97.65,0.0406,600,23.41745,23.432,23.402,0.00736,600,0.000,0.0,0.0,0.000,600,0.000,0.0,0.0,0.000,600,0.386,0.7,0.0,0.115,600,600,0.0,---,---,---,---,0,0.5341745,0.53432,0.53402,0.0000736,600,0.977444,0.9782,0.9765,0.000406,600,-0.00000121,0.000000,-0.000007,0.00000167,600,-0.00000188,0.000000,-0.000007,0.00000188,600,0.00000376,0.000007,0.000000,0.00000112,600,0.01,1,0,0.11,600,0.00,0,0,0.00,600,12.3999,12.45,12.34,48.22,53,46,23.96,116661
2025-03-02 00:50:00,0.3216,0.40,0.32,0.0110,600,97.6666,97.75,97.59,0.0369,600,23.38146,23.409,23.358,0.01498,600,0.000,0.0,0.0,0.000,600,0.000,0.0,0.0,0.000,600,0.385,0.7,0.0,0.113,600,600,0.0,---,---,---,---,0,0.5338146,0.53409,0.53358,0.0001498,600,0.976666,0.9775,0.9759,0.000369,600,-0.00000209,0.000000,-0.000007,0.00000168,600,-0.00000312,0.000000,-0.000007,0.00000163,600,0.00000375,0.000007,0.000000,0.00000110,600,0.02,1,0,0.14,600,0.00,0,0,0.00,600,12.3982,12.45,12.35,48.18,52,46,23.96,116709
2025-03-02 01:00:00,0.3200,0.32,0.32,0.0000,600,97.8251,97.96,97.69,0.0554,600,23.37893,23.392,23.362,0.00625,600,0.000,0.0,0.0,0.000,600,0.000,0.0,0.0,0.000,600,0.433,0.7,0.0,0.151,600,600,0.0,---,---,---,---,0,0.5337893,0.53392,0.53362,0.0000625,600,0.978251,0.9796,0.9769,0.000554,600,-0.00000068,0.000000,-0.000003,0.00000135,600,-0.00000139,0.000000,-0.000003,0.00000166,600,0.00000421,0.000007,0.000000,0.00000147,600,0.00,0,0,0.00,600,0.00,0,0,0.00,600,12.3978,12.49,12.35,48.16,52,46,23.96,116757
2025-03-02 01:10:00,0.3200,0.32,0.32,0.0000,600,97.9768,98.06,97.92,0.0310,600,23.39573,23.412,23.382,0.00573,600,0.000,0.0,0.0,0.000,600,0.000,0.0,0.0,0.000,600,0.465,0.7,0.3,0.164,600,600,0.0,---,---,---,---,0,0.5339573,0.53412,0.53382,0.0000573,600,0.979768,0.9806,0.9792,0.000310,600,-0.00000016,0.000000,-0.000003,0.00000071,600,-0.00000066,0.000000,-0.000003,0.00000134,600,0.00000453,0.000007,0.000003,0.00000160,600,0.00,0,0,0.00,600,0.00,0,0,0.00,600,12.3946,12.44,12.34,48.25,53,46,23.94,116805
2025-03-02 01:20:00,0.3213,0.40,0.32,0.0101,600,98.0251,98.12,97.92,0.0475,600,23.41341,23.426,23.395,0.00764,600,0.000,0.0,0.0,0.000,600,0.000,0.0,0.0,0.000,600,0.452,0.7,0.0,0.161,600,600,0.0,---,---,---,---,0,0.5341341,0.53426,0.53395,0.0000764,600,0.980251,0.9812,0.9792,0.000475,600,-0.00000295,0.000000,-0.000007,0.00000155,600,-0.00000383,0.000000,-0.000007,0.00000160,600,0.00000440,0.000007,0.000000,0.00000156,600,0.02,1,0,0.13,600,0.00,0,0,0.00,600,12.3911,12.44,12.33,48.14,50,46,23.90,116853
2025-03-02 01:30:00,0.3201,0.40,0.32,0.0032,600,98.0428,98.16,97.96,0.0543,600,23.39860,23.409,23.389,0.00340,600,0.000,0.0,0.0,0.000,600,0.000,0.0,0.0,0.000,600,0.383,0.7,0.0,0.113,600,600,0.0,---,---,---,---,0,0.5339860,0.53409,0.53389,0.0000340,600,0.980428,0.9816,0.9796,0.000543,600,-0.00000331,0.000000,-0.000007,0.00000119,600,-0.00000400,0.000000,-0.000007,0.00000133,600,0.00000373,0.000007,0.000000,0.00000110,600,0.00,1,0,0.04,600,0.00,0,0,0.00,600,12.3863,12.43,12.33,48.25,50,46,23.94,116903
2025-03-02 01:40:00,0.3243,0.48,0.32,0.0196,600,97.8123,97.99,97.69,0.1094,600,23.36592,23.395,23.325,0.02215,600,0.000,0.0,0.0,0.000,600,0.000,0.0,0.0,0.000,600,0.395,0.7,0.0,0.125,600,600,0.0,---,---,---,---,0,0.5336592,0.53395,0.53325,0.0002215,600,0.978123,0.9799,0.9769,0.001094,600,-0.00000158,0.000000,-0.000003,0.00000168,600,-0.00000270,0.000000,-0.000007,0.00000137,600,0.00000385,0.000007,0.000000,0.00000122,600,0.06,2,0,0.25,600,0.00,0,0,0.00,600,12.3874,12.51,12.34,48.11,51,46,23.88,116951
2025-03-02 01:50:00,0.3200,0.32,0.32,0.0000,600,97.7926,97.85,97.72,0.0359,600,23.32386,23.332,23.318,0.00286,600,0.000,0.0,0.0,0.000,600,0.000,0.0,0.0,0.000,600,0.386,0.7,0.0,0.115,600,600,0.0,---,---,---,---,0,0.5332386,0.53332,0.53318,0.0000286,600,0.977926,0.9785,0.9772,0.000359,600,-0.00000625,0.000000,-0.000010,0.00000226,600,-0.00000617,-0.000003,-0.000010,0.00000169,600,0.00000376,0.000007,0.000000,0.00000112,600,0.00,0,0,0.00,600,0.00,0,0,0.00,600,12.3834,12.43,12.30,48.12,51,46,23.87,116999
2025-03-02 02:00:00,0.3450,0.48,0.32,0.0464,600,97.6248,97.79,97.49,0.0701,600,23.28952,23.325,23.238,0.02375,600,0.000,0.0,0.0,0.000,600,0.000,0.0,0.0,0.000,600,0.379,0.7,0.0,0.114,600,600,0.0,---,---,---,---,0,0.5328952,0.53325,0.53238,0.0002375,600,0.976248,0.9779,0.9749,0.000701,600,-0.00000733,-0.000003,-0.000010,0.00000191,600,-0.00000696,-0.000003,-0.000010,0.00000169,600,0.00000369,0.000007,0.000000,0.00000111,600,0.32,2,0,0.59,600,0.00,0,0,0.00,600,12.3827,12.51,12.28,48.17,50,46,23.83,117047
2025-03-02 02:10:00,0.3418,0.48,0.32,0.0446,600,97.5786,97.69,97.45,0.0698,600,23.18658,23.241,23.134,0.02931,600,0.000,0.0,0.0,0.000,600,0.000,0.0,0.0,0.000,600,0.341,0.7,0.0,0.087,600,600,0.0,---,---,---,---,0,0.5318658,0.53241,0.53134,0.0002931,600,0.975786,0.9769,0.9745,0.000698,600,-0.00000648,-0.000003,-0.000010,0.00000109,600,-0.00000606,-0.000003,-0.000007,0.00000133,600,0.00000333,0.000007,0.000000,0.00000084,600,0.28,2,0,0.57,600,0.00,0,0,0.00,600,12.3807,12.45,12.31,48.20,52,46,23.75,117095
2025-03-02 02:20:00,0.3213,0.40,0.32,0.0101,600,97.6856,97.79,97.62,0.0338,600,23.09544,23.140,23.053,0.02660,600,0.000,0.0,0.0,0.000,600,0.000,0.0,0.0,0.000,600,0.351,0.7,0.0,0.088,600,600,0.0,---,---,---,---,0,0.5309544,0.53140,0.53053,0.0002660,600,0.976856,0.9779,0.9762,0.000338,600,-0.00000684,-0.000003,-0.000010,0.00000139,600,-0.00000669,-0.000003,-0.000010,0.00000100,600,0.00000342,0.000007,0.000000,0.00000085,600,0.02,1,0,0.13,600,0.00,0,0,0.00,600,12.3763,12.41,12.33,48.34,53,43,23.62,117144
2025-03-02 02:30:00,0.3200,0.32,0.32,0.0000,600,97.7443,97.89,97.65,0.0636,600,23.00595,23.056,22.962,0.02715,600,0.000,0.0,0.0,0.000,600,0.000,0.0,0.0,0.000,600,0.355,0.7,0.0,0.079,600,600,0.0,---,---,---,---,0,0.5300595,0.53056,0.52962,0.0002715,600,0.977443,0.9789,0.9765,0.000636,600,-0.00000582,-0.000003,-0.000010,0.00000159,600,-0.00000637,-0.000003,-0.000010,0.00000123,600,0.00000346,0.000007,0.000000,0.00000077,600,0.00,0,0,0.00,600,0.00,0,0,0.00,600,12.3731,12.44,12.27,48.27,50,45,23.47,117192
2025-03-02 02:40:00,0.3344,0.48,0.32,0.0386,600,97.9813,98.16,97.85,0.0930,600,22.94588,22.966,22.932,0.00870,600,0.000,0.0,0.0,0.000,600,0.000,0.0,0.0,0.000,600,0.419,0.7,0.3,0.142,600,600,0.0,---,---,---,---,0,0.5294588,0.52966,0.52932,0.0000870,600,0.979813,0.9816,0.9785,0.000930,600,-0.00000177,0.000000,-0.000007,0.00000182,600,-0.00000251,0.000000,-0.000007,0.00000208,600,0.00000409,0.000007,0.000003,0.00000138,600,0.18,2,0,0.49,600,0.00,0,0,0.00,600,12.3702,12.43,12.28,48.19,52,45,23.29,117240
2025-03-02 02:50:00,0.3245,0.48,0.32,0.0228,600,98.2525,98.43,98.06,0.0987,600,22.94328,22.962,22.929,0.00731,600,0.002,0.4,0.0,0.025,600,0.003,0.4,0.0,0.032,600,0.452,0.7,0.3,0.159,600,600,0.0,---,---,---,---,0,0.5294328,0.52962,0.52929,0.0000731,600,0.982525,0.9843,0.9806,0.000987,600,0.00000002,0.000003,0.000000,0.00000024,600,0.00000002,0.000003,-0.000003,0.00000036,600,0.00000440,0.000007,0.000003,0.00000155,600,0.06,2,0,0.29,600,0.00,0,0,0.00,600,12.3701,12.43,12.31,48.20,53,46,23.19,117288
2025-03-02 03:00:00,0.3218,0.40,0.32,0.0119,600,98.4811,98.56,98.39,0.0415,600,22.97623,22.993,22.956,0.01068,600,0.004,0.4,0.0,0.038,600,0.006,0.4,0.0,0.045,600,0.433,0.7,0.3,0.150,600,600,0.0,---,---,---,---,0,0.5297623,0.52993,0.52956,0.0001068,600,0.984811,0.9856,0.9839,0.000415,600,0.00000004,0.000003,0.000000,0.00000036,600,0.00000006,0.000003,0.000000,0.00000043,600,0.00000421,0.000007,0.000003,0.00000146,600,0.02,1,0,0.15,600,0.00,0,0,0.00,600,12.3687,12.45,12.31,48.21,53,46,23.16,117336
2025-03-02 03:10:00,0.3313,0.56,0.32,0.0334,600,98.5567,98.63,98.49,0.0256,600,23.01131,23.026,22.986,0.00803,600,0.000,0.0,0.0,0.000,600,0.000,0.0,0.0,0.000,600,0.414,0.7,0.3,0.138,600,600,0.0,---,---,---,---,0,0.5301131,0.53026,0.52986,0.0000803,600,0.985567,0.9863,0.9849,0.000256,600,-0.00000001,0.000000,-0.000003,0.00000014,600,-0.00000005,0.000000,-0.000003,0.00000041,600,0.00000403,0.000007,0.000003,0.00000134,600,0.14,3,0,0.42,600,0.00,0,0,0.00,600,12.3669,12.43,12.31,48.05,50,46,23.17,117384
2025-03-02 03:20:00,0.3200,0.32,0.32,0.0000,600,98.5435,98.63,98.46,0.0341,600,23.03323,23.043,23.019,0.00480,600,0.000,0.0,0.0,0.000,600,0.000,0.0,0.0,0.000,600,0.376,0.7,0.0,0.107,600,600,0.0,---,---,---,---,0,0.5303323,0.53043,0.53019,0.0000480,600,0.985435,0.9863,0.9846,0.000341,600,-0.00000053,0.000000,-0.000003,0.00000122,600,-0.00000110,0.000000,-0.000007,0.00000159,600,0.00000367,0.000007,0.000000,0.00000104,600,0.00,0,0,0.00,600,0.00,0,0,0.00,600,12.3626,12.41,12.30,48.27,51,46,23.25,117432
2025-03-02 03:30:00,0.3201,0.40,0.32,0.0032,600,98.4467,98.56,98.36,0.0384,600,23.03314,23.043,23.019,0.00495,600,0.000,0.0,0.0,0.000,600,0.000,0.0,0.0,0.000,600,0.379,0.7,0.0,0.108,600,600,0.0,---,---,---,---,0,0.5303314,0.53043,0.53019,0.0000495,600,0.984467,0.9856,0.9836,0.000384,600,-0.00000115,0.000000,-0.000003,0.00000159,600,-0.00000179,0.000000,-0.000007,0.00000170,600,0.00000369,0.000007,0.000000,0.00000105,600,0.00,1,0,0.04,600,0.00,0,0,0.00,600,12.3630,12.46,12.31,48.39,52,47,23.23,117480
2025-03-02 03:40:00,0.3476,0.48,0.32,0.0482,600,98.4164,98.53,98.32,0.0510,600,23.01381,23.026,23.003,0.00440,600,0.000,0.0,0.0,0.000,600,0.000,0.0,0.0,0.000,600,0.375,0.7,0.0,0.108,600,600,0.0,---,---,---,---,0,0.5301381,0.53026,0.53003,0.0000440,600,0.984164,0.9853,0.9832,0.000510,600,-0.00000013,0.000000,-0.000003,0.00000065,600,-0.00000039,0.000000,-0.000003,0.00000108,600,0.00000365,0.000007,0.000000,0.00000106,600,0.35,2,0,0.61,600,0.00,0,0,0.00,600,12.3612,12.41,12.31,48.31,54,46,23.25,117528
2025-03-02 03:50:00,0.3698,0.71,0.32,0.0864,600,98.4864,98.56,98.43,0.0255,600,22.99823,23.013,22.976,0.00711,600,0.000,0.0,0.0,0.000,600,0.000,0.0,0.0,0.000,600,0.366,0.7,0.0,0.104,600,600,0.0,---,---,---,---,0,0.5299823,0.53013,0.52976,0.0000711,600,0.984864,0.9856,0.9843,0.000255,600,0.00000000,0.000000,0.000000,0.00000000,600,0.00000000,0.000000,0.000000,0.00000000,600,0.00000357,0.000007,0.000000,0.00000101,600,0.63,5,0,1.10,600,0.00,0,0,0.00,600,12.3585,12.43,12.30,48.30,52,46,23.23,117576
2025-03-02 04:00:00,0.4105,0.64,0.32,0.0898,600,98.5192,98.73,98.39,0.0832,600,22.94684,22.979,22.929,0.01312,600,0.001,0.4,0.0,0.014,600,0.002,0.4,0.0,0.025,600,0.344,0.7,0.0,0.087,600,600,0.0,---,---,---,---,0,0.5294684,0.52979,0.52929,0.0001312,600,0.985192,0.9873,0.9839,0.000832,600,0.00000001,0.000003,0.000000,0.00000014,600,0.00000002,0.000003,0.000000,0.00000024,600,0.00000335,0.000007,0.000000,0.00000085,600,1.15,4,0,1.14,600,0.00,0,0,0.00,600,12.3576,12.44,12.30,48.36,56,46,23.29,117625
2025-03-02 04:10:00,0.3874,0.64,0.32,0.0722,600,98.6513,98.73,98.56,0.0339,600,22.93163,22.949,22.912,0.00772,600,0.000,0.0,0.0,0.000,600,0.000,0.0,0.0,0.000,600,0.341,0.7,0.0,0.087,600,600,0.0,---,---,---,---,0,0.5293163,0.52949,0.52912,0.0000772,600,0.986513,0.9873,0.9856,0.000339,600,-0.00000006,0.000000,-0.000003,0.00000045,600,-0.00000035,0.000000,-0.000003,0.00000103,600,0.00000333,0.000007,0.000000,0.00000084,600,0.85,4,0,0.92,600,0.00,0,0,0.00,600,12.3572,12.41,12.30,48.23,51,46,23.33,117673
2025-03-02 04:20:00,0.4330,0.71,0.32,0.0848,600,98.5907,98.66,98.53,0.0337,600,22.88097,22.919,22.852,0.01978,600,0.000,0.0,0.0,0.000,600,0.000,0.0,0.0,0.000,600,0.318,0.7,0.0,0.107,600,600,0.0,---,---,---,---,0,0.5288097,0.52919,0.52852,0.0001978,600,0.985907,0.9866,0.9853,0.000337,600,-0.00000029,0.000000,-0.000003,0.00000095,600,-0.00000119,0.000000,-0.000003,0.00000161,600,0.00000310,0.000007,0.000000,0.00000104,600,1.43,5,0,1.08,600,0.00,0,0,0.00,600,12.3536,12.41,12.30,48.41,52,47,23.31,117721
2025-03-02 04:30:00,0.3645,0.56,0.32,0.0505,600,98.7259,98.79,98.63,0.0312,600,22.85650,22.865,22.845,0.00382,600,0.000,0.0,0.0,0.000,600,0.000,0.0,0.0,0.000,600,0.339,0.7,0.0,0.081,600,600,0.0,---,---,---,---,0,0.5285650,0.52865,0.52845,0.0000382,600,0.987259,0.9879,0.9863,0.000312,600,-0.00000100,0.000000,-0.000003,0.00000154,600,-0.00000225,0.000000,-0.000007,0.00000160,600,0.00000330,0.000007,0.000000,0.00000079,600,0.56,3,0,0.64,600,0.00,0,0,0.00,600,12.3523,12.40,12.30,48.37,52,46,23.29,117769
2025-03-02 04:40:00,0.3505,0.56,0.32,0.0527,600,98.7312,98.83,98.69,0.0269,600,22.83952,22.855,22.825,0.00696,600,0.000,0.0,0.0,0.000,600,0.000,0.0,0.0,0.000,600,0.347,0.7,0.0,0.081,600,600,0.0,---,---,---,---,0,0.5283952,0.52855,0.52825,0.0000696,600,0.987312,0.9883,0.9869,0.000269,600,-0.00000188,0.000000,-0.000003,0.00000167,600,-0.00000309,0.000000,-0.000007,0.00000103,600,0.00000338,0.000007,0.000000,0.00000079,600,0.39,3,0,0.67,600,0.00,0,0,0.00,600,12.3491,12.44,12.29,48.43,51,46,23.25,117817
2025-03-02 04:50:00,0.4968,0.79,0.32,0.1199,600,98.8147,98.86,98.76,0.0187,600,22.83433,22.845,22.821,0.00445,600,0.000,0.0,0.0,0.000,600,0.000,0.0,0.0,0.000,600,0.350,0.7,0.0,0.095,600,600,0.0,---,---,---,---,0,0.5283433,0.52845,0.52821,0.0000445,600,0.988147,0.9886,0.9876,0.000187,600,-0.00000078,0.000000,-0.000003,0.00000142,600,-0.00000182,0.000000,-0.000007,0.00000171,600,0.00000340,0.000007,0.000000,0.00000093,600,2.24,6,0,1.52,600,0.00,0,0,0.00,600,12.3471,12.48,12.30,49.28,53,44,23.21,117867
2025-03-02 05:00:00,0.3972,0.71,0.32,0.0849,600,98.8719,98.93,98.79,0.0267,600,22.82769,22.835,22.818,0.00292,600,0.000,0.0,0.0,0.000,600,0.000,0.0,0.0,0.000,600,0.340,0.7,0.0,0.089,600,600,0.0,---,---,---,---,0,0.5282769,0.52835,0.52818,0.0000292,600,0.988719,0.9893,0.9879,0.000267,600,-0.00000132,0.000000,-0.000007,0.00000168,600,-0.00000250,0.000000,-0.000007,0.00000168,600,0.00000331,0.000007,0.000000,0.00000087,600,0.98,5,0,1.08,600,0.00,0,0,0.00,600,12.3445,12.45,12.24,49.41,53,46,23.16,117915
2025-03-02 05:10:00,0.3233,0.48,0.32,0.0164,600,98.8436,98.96,98.73,0.0589,600,22.83252,22.845,22.815,0.00625,600,0.000,0.0,0.0,0.000,600,0.000,0.0,0.0,0.000,600,0.347,0.7,0.0,0.082,600,600,0.0,---,---,---,---,0,0.5283252,0.52845,0.52815,0.0000625,600,0.988436,0.9896,0.9873,0.000589,600,-0.00000449,0.000000,-0.000007,0.00000166,600,-0.00000536,-0.000003,-0.000007,0.00000164,600,0.00000338,0.000007,0.000000,0.00000080,600,0.04,2,0,0.21,600,0.00,0,0,0.00,600,12.3395,12.39,12.29,49.39,53,46,23.16,117963
2025-03-02 05:20:00,0.3234,0.40,0.32,0.0161,600,98.6889,98.76,98.59,0.0375,600,22.79637,22.821,22.768,0.01361,600,0.000,0.0,0.0,0.000,600,0.000,0.0,0.0,0.000,600,0.356,0.7,0.0,0.097,600,600,0.0,---,---,---,---,0,0.5279637,0.52821,0.52768,0.0001361,600,0.986889,0.9876,0.9859,0.000375,600,-0.00000354,0.000000,-0.000007,0.00000116,600,-0.00000426,-0.000003,-0.000007,0.00000149,600,0.00000347,0.000007,0.000000,0.00000094,600,0.04,1,0,0.20,600,0.00,0,0,0.00,600,12.3375,12.48,12.29,49.32,53,46,23.12,118011
2025-03-02 05:30:00,0.3394,0.48,0.32,0.0396,600,98.6980,98.86,98.56,0.0906,600,22.75854,22.774,22.744,0.00759,600,0.000,0.0,0.0,0.000,600,0.000,0.0,0.0,0.000,600,0.376,0.7,0.0,0.114,600,600,0.0,---,---,---,---,0,0.5275854,0.52774,0.52744,0.0000759,600,0.986980,0.9886,0.9856,0.000906,600,-0.00000124,0.000000,-0.000007,0.00000187,600,-0.00000151,0.000000,-0.000007,0.00000197,600,0.00000367,0.000007,0.000000,0.00000111,600,0.25,2,0,0.50,600,0.00,0,0,0.00,600,12.3402,12.40,12.29,49.30,54,46,23.05,118059
2025-03-02 05:40:00,0.3654,0.64,0.32,0.0726,600,98.8156,98.93,98.73,0.0382,600,22.77261,22.794,22.761,0.00694,600,0.076,0.7,0.0,0.158,600,0.062,0.7,0.0,0.136,600,0.387,0.7,0.0,0.117,600,600,0.0,---,---,---,---,0,0.5277261,0.52794,0.52761,0.0000694,600,0.988156,0.9893,0.9873,0.000382,600,0.00000072,0.000007,0.000000,0.00000150,600,0.00000059,0.000007,0.000000,0.00000129,600,0.00000377,0.000007,0.000000,0.00000114,600,0.58,4,0,0.92,600,0.00,0,0,0.00,600,12.3388,12.50,12.29,49.24,53,46,23.05,118107
2025-03-02 05:50:00,0.3909,0.71,0.32,0.0958,600,98.9444,99.03,98.86,0.0314,600,22.83075,22.872,22.788,0.02178,600,1.318,2.1,0.4,0.620,600,1.285,2.1,0.4,0.638,600,0.639,0.7,0.3,0.121,600,600,0.0,---,---,---,---,0,0.5283075,0.52872,0.52788,0.0002178,600,0.989444,0.9903,0.9886,0.000314,600,0.00001251,0.000020,0.000003,0.00000588,600,0.00001218,0.000020,0.000003,0.00000604,600,0.00000622,0.000007,0.000003,0.00000118,600,0.90,5,0,1.22,600,0.00,0,0,0.00,600,12.3378,12.40,12.29,49.31,53,46,23.04,118156
2025-03-02 06:00:00,0.3645,0.71,0.32,0.0752,600,98.9842,99.10,98.86,0.0555,600,22.90014,22.952,22.865,0.02689,600,3.652,5.3,1.8,0.905,600,3.629,5.3,1.8,0.901,600,0.689,0.7,0.7,0.000,600,600,0.0,---,---,---,---,0,0.5290014,0.52952,0.52865,0.0002689,600,0.989842,0.9910,0.9886,0.000555,600,0.00003466,0.000050,0.000017,0.00000859,600,0.00003440,0.000050,0.000017,0.00000855,600,0.00000671,0.000007,0.000007,0.00000000,600,0.56,5,0,0.95,600,0.00,0,0,0.00,600,12.3379,12.40,12.28,49.40,53,47,23.05,118204
2025-03-02 06:10:00,0.3540,0.56,0.32,0.0555,600,98.9204,99.06,98.83,0.0523,600,22.96105,22.999,22.942,0.01392,600,7.975,10.6,5.3,1.692,600,7.902,10.6,5.0,1.670,600,1.034,1.7,0.7,0.358,600,600,0.0,---,---,---,---,0,0.5296105,0.52999,0.52942,0.0001392,600,0.989204,0.9906,0.9883,0.000523,600,0.00007569,0.000101,0.000050,0.00001606,600,0.00007491,0.000101,0.000047,0.00001583,600,0.00001007,0.000017,0.000007,0.00000349,600,0.43,3,0,0.70,600,0.00,0,0,0.00,600,12.3487,12.40,12.30,49.23,53,46,23.08,118252
2025-03-02 06:20:00,0.3505,0.64,0.32,0.0635,600,99.0231,99.10,98.93,0.0435,600,23.06455,23.127,22.996,0.03878,600,16.700,24.1,10.3,4.232,600,16.669,24.1,9.9,4.268,600,2.472,3.8,1.4,0.611,600,600,0.0,0.148,0.2,0.1,0.009,443,0.5306455,0.53127,0.52996,0.0003878,600,0.990231,0.9910,0.9893,0.000435,600,0.00015848,0.000228,0.000097,0.00004016,600,0.00015802,0.000228,0.000094,0.00004046,600,0.00002408,0.000037,0.000013,0.00000595,600,0.39,4,0,0.81,600,0.00,0,0,0.00,600,12.3606,12.41,12.20,49.33,54,46,23.15,118300
2025-03-02 06:30:00,0.3263,0.48,0.32,0.0258,600,98.9921,99.13,98.86,0.0640,600,23.19676,23.278,23.123,0.04026,600,31.805,44.6,22.6,7.973,600,31.747,44.3,22.7,7.951,600,5.141,7.2,3.1,1.420,600,600,0.0,0.161,0.2,0.1,0.008,600,0.5319676,0.53278,0.53123,0.0004026,600,0.989921,0.9913,0.9886,0.000640,600,0.00030183,0.000423,0.000215,0.00007567,600,0.00030097,0.000420,0.000215,0.00007537,600,0.00005007,0.000071,0.000030,0.00001383,600,0.08,2,0,0.33,600,0.00,0,0,0.00,600,12.3914,12.49,12.34,49.23,53,45,23.32,118348
2025-03-02 06:40:00,0.3380,0.56,0.32,0.0503,600,98.8584,99.10,98.59,0.1312,600,23.34885,23.409,23.271,0.03350,600,51.263,63.3,43.5,6.308,600,51.199,63.4,43.2,6.341,600,8.213,10.7,6.5,1.055,600,600,0.0,0.160,0.2,0.1,0.004,600,0.5334885,0.53409,0.53271,0.0003350,600,0.988584,0.9910,0.9859,0.001312,600,0.00048648,0.000601,0.000413,0.00005986,600,0.00048537,0.000601,0.000410,0.00006011,600,0.00008000,0.000104,0.000064,0.00001027,600,0.23,3,0,0.64,600,0.00,0,0,0.00,600,12.4553,12.51,12.39,48.76,53,45,23.59,118396
2025-03-02 06:50:00,0.3791,0.79,0.32,0.0949,600,98.6206,98.76,98.29,0.1007,600,23.49273,23.570,23.399,0.05625,600,66.319,83.8,50.2,7.455,600,66.062,83.9,47.8,7.825,600,10.789,13.8,7.9,1.346,600,600,0.0,0.163,0.2,0.1,0.005,600,0.5349273,0.53570,0.53399,0.0005625,600,0.986206,0.9876,0.9829,0.001007,600,0.00062936,0.000796,0.000477,0.00007075,600,0.00062627,0.000796,0.000453,0.00007418,600,0.00010508,0.000134,0.000077,0.00001311,600,0.75,6,0,1.20,600,0.00,0,0,0.00,600,12.5027,12.63,12.43,48.78,52,46,23.83,118444
2025-03-02 07:00:00,0.3785,0.71,0.32,0.0809,600,98.3190,98.59,97.89,0.1772,600,23.66894,23.795,23.557,0.07986,600,104.449,205.9,82.1,24.451,600,104.674,205.4,82.2,24.306,600,16.328,27.6,12.8,3.131,600,600,0.0,0.158,0.2,0.1,0.007,600,0.5366894,0.53795,0.53557,0.0007986,600,0.983190,0.9859,0.9789,0.001772,600,0.00099122,0.001954,0.000779,0.00023204,600,0.00099231,0.001947,0.000779,0.00023042,600,0.00015903,0.000269,0.000124,0.00003050,600,0.74,5,0,1.03,600,0.00,0,0,0.00,600,12.5706,12.64,12.49,48.54,53,46,23.98,118492
2025-03-02 07:10:00,0.5200,0.95,0.32,0.1464,600,97.3763,98.06,96.41,0.5192,600,23.92646,24.030,23.792,0.06849,600,109.807,136.9,90.6,11.582,600,110.184,135.6,91.0,11.722,600,17.608,22.1,14.1,2.433,600,600,0.0,0.160,0.2,0.1,0.010,600,0.5392646,0.54030,0.53792,0.0006849,600,0.973763,0.9806,0.9641,0.005192,600,0.00104206,0.001299,0.000859,0.00010992,600,0.00104454,0.001286,0.000863,0.00011112,600,0.00017151,0.000215,0.000138,0.00002370,600,2.54,8,0,1.86,600,0.00,0,0,0.00,600,12.6384,12.73,12.55,48.23,52,46,24.02,118540
2025-03-02 07:20:00,0.7432,1.58,0.40,0.2111,600,96.4813,97.35,95.10,0.5853,600,24.11982,24.325,24.023,0.08909,600,226.001,364.3,104.4,84.287,600,225.573,353.4,104.5,82.114,600,43.707,73.4,17.6,19.620,600,600,0.0,0.187,0.2,0.2,0.019,600,0.5411982,0.54325,0.54023,0.0008909,600,0.964813,0.9735,0.9510,0.005853,600,0.00214475,0.003458,0.000990,0.00079988,600,0.00213843,0.003350,0.000990,0.00077844,600,0.00042570,0.000715,0.000171,0.00019110,600,5.37,16,1,2.68,600,0.00,0,0,0.00,600,12.7346,12.86,12.61,47.88,52,45,24.37,118588
2025-03-02 07:30:00,0.6266,1.27,0.32,0.2068,600,93.1151,95.40,91.44,1.1274,600,24.62911,24.822,24.322,0.14816,600,197.811,397.2,125.2,68.641,600,203.023,418.6,126.1,73.981,600,35.501,85.1,18.3,16.757,600,600,0.0,0.173,0.2,0.1,0.020,600,0.5462911,0.54822,0.54322,0.0014816,600,0.931151,0.9540,0.9144,0.011274,600,0.00187723,0.003770,0.001188,0.00065140,600,0.00192466,0.003968,0.001195,0.00070134,600,0.00034578,0.000829,0.000178,0.00016322,600,3.89,12,0,2.62,600,0.00,0,0,0.00,600,12.8211,12.93,12.73,47.65,52,45,24.95,118637
2025-03-02 07:40:00,0.4856,1.19,0.32,0.1632,600,92.7240,94.73,89.87,1.1617,600,25.10840,25.631,24.822,0.23456,600,395.820,492.8,173.7,88.725,600,407.809,522.3,177.8,93.691,600,79.076,104.8,29.0,20.900,600,600,0.0,0.198,0.2,0.1,0.016,600,0.5510840,0.55631,0.54822,0.0023456,600,0.927240,0.9473,0.8987,0.011617,600,0.00375633,0.004676,0.001648,0.00084200,600,0.00386603,0.004951,0.001685,0.00088819,600,0.00077020,0.001021,0.000282,0.00020356,600,2.10,11,0,2.07,600,0.00,0,0,0.00,600,13.0009,13.10,12.79,47.30,51,44,25.63,118685
2025-03-02 07:50:00,0.5269,1.34,0.32,0.2375,600,86.6018,92.45,83.32,1.5834,600,26.09510,26.396,25.631,0.20048,600,356.722,552.2,111.8,127.949,600,345.668,530.8,111.2,121.053,600,65.079,105.8,13.8,27.157,600,600,0.1,0.176,0.2,0.1,0.022,600,0.5609510,0.56396,0.55631,0.0020048,600,0.866018,0.9245,0.8332,0.015834,600,0.00338529,0.005240,0.001061,0.00121424,600,0.00327693,0.005032,0.001054,0.00114759,600,0.00063387,0.001031,0.000134,0.00026450,600,2.62,13,0,3.01,600,0.00,1,0,0.04,600,12.9475,13.10,12.73,58.67,111,44,26.52,118733
2025-03-02 08:00:00,0.6419,1.74,0.32,0.3276,600,83.6697,86.84,81.00,1.4865,600,26.67465,26.887,26.396,0.13890,600,495.250,540.9,435.1,12.991,600,477.504,520.5,417.1,13.425,600,94.535,103.4,80.6,2.607,600,600,0.0,0.191,0.2,0.2,0.001,600,0.5667465,0.56887,0.56396,0.0013890,600,0.836697,0.8684,0.8100,0.014865,600,0.00469993,0.005133,0.004129,0.00012328,600,0.00452674,0.004935,0.003954,0.00012727,600,0.00092077,0.001007,0.000786,0.00002539,600,4.08,18,0,4.16,600,0.00,0,0,0.00,600,12.8300,12.99,12.64,108.89,125,103,28.80,118781
2025-03-02 08:10:00,0.7581,1.90,0.32,0.3585,600,81.5698,84.93,79.02,1.1774,600,27.14383,27.343,26.883,0.13474,600,506.301,539.1,354.4,24.970,600,503.254,542.1,353.8,26.313,600,97.703,104.8,71.3,4.956,600,600,0.0,0.193,0.2,0.2,0.003,600,0.5714383,0.57343,0.56883,0.0013474,600,0.815698,0.8493,0.7902,0.011774,600,0.00480480,0.005116,0.003364,0.00023696,600,0.00477085,0.005139,0.003354,0.00024945,600,0.00095163,0.001021,0.000695,0.00004827,600,5.56,20,0,4.55,600,0.00,0,0,0.00,600,13.2515,13.46,12.79,53.02,123,44,30.07,118829
2025-03-02 08:20:00,0.7972,1.98,0.32,0.3008,600,81.1557,84.46,78.75,1.1323,600,27.39234,27.457,27.336,0.02610,600,432.840,621.5,104.0,170.641,600,436.159,627.1,103.8,172.618,600,79.998,120.3,9.3,36.810,600,600,0.0,0.175,0.2,0.1,0.030,600,0.5739234,0.57457,0.57336,0.0002610,600,0.811557,0.8446,0.7875,0.011323,600,0.00410766,0.005898,0.000987,0.00161938,600,0.00413479,0.005945,0.000984,0.00163642,600,0.00077918,0.001172,0.000091,0.00035853,600,6.05,21,0,3.82,600,0.00,0,0,0.00,600,13.4511,14.02,12.94,46.62,51,43,30.99,118879
2025-03-02 08:30:00,0.9228,3.16,0.32,0.5201,600,80.6164,83.72,77.68,1.2517,600,27.49020,27.561,27.444,0.02805,600,504.585,752.0,141.8,163.334,600,508.430,758.1,142.4,165.191,600,92.691,146.1,17.9,34.321,600,600,0.0,0.180,0.2,0.1,0.015,600,0.5749020,0.57561,0.57444,0.0002805,600,0.806164,0.8372,0.7768,0.012517,600,0.00478851,0.007137,0.001346,0.00155004,600,0.00481992,0.007187,0.001349,0.00156601,600,0.00090281,0.001423,0.000175,0.00033428,600,7.65,36,0,6.60,600,0.00,0,0,0.00,600,13.7379,14.16,12.98,45.80,51,42,31.96,118927
2025-03-02 08:40:00,0.9606,2.76,0.32,0.5021,600,79.4160,85.03,76.87,1.6374,600,27.64856,27.743,27.555,0.04019,600,450.419,796.3,160.6,213.003,600,453.986,803.8,159.7,215.586,600,78.158,150.6,20.3,43.048,600,600,0.0,0.166,0.2,0.1,0.018,600,0.5764856,0.57743,0.57555,0.0004019,600,0.794160,0.8503,0.7687,0.016374,600,0.00427447,0.007556,0.001524,0.00202140,600,0.00430378,0.007620,0.001514,0.00204375,600,0.00076126,0.001467,0.000198,0.00041929,600,8.13,31,0,6.37,600,0.00,0,0,0.00,600,13.8475,14.17,13.09,45.59,51,42,32.73,118975
2025-03-02 08:50:00,1.0990,3.31,0.32,0.5821,600,77.4676,81.54,73.85,1.7150,600,28.05899,28.407,27.739,0.18253,600,731.003,836.2,222.9,116.080,600,736.005,840.6,221.7,117.379,600,134.212,157.9,31.7,24.078,600,600,0.0,0.182,0.2,0.1,0.008,600,0.5805899,0.58407,0.57739,0.0018253,600,0.774676,0.8154,0.7385,0.017150,600,0.00693722,0.007936,0.002115,0.00110160,600,0.00697732,0.007969,0.002101,0.00111275,600,0.00130723,0.001537,0.000309,0.00023452,600,9.88,38,0,7.39,600,0.00,0,0,0.00,600,13.9824,14.09,13.86,45.08,49,42,33.04,119023
2025-03-02 09:00:00,1.0217,2.76,0.32,0.5276,600,75.0371,80.26,71.30,1.6075,600,28.43396,28.478,28.394,0.02208,600,529.350,932.1,209.1,255.225,600,531.915,938.0,209.3,257.353,600,93.328,176.5,28.6,51.595,600,600,0.0,0.169,0.2,0.1,0.017,600,0.5843396,0.58478,0.58394,0.0002208,600,0.750371,0.8026,0.7130,0.016075,600,0.00502353,0.008846,0.001984,0.00242209,600,0.00504255,0.008893,0.001984,0.00243971,600,0.00090901,0.001719,0.000279,0.00050253,600,8.90,31,0,6.69,600,0.00,0,0,0.00,600,13.9400,14.01,13.87,45.29,49,43,33.75,119072
2025-03-02 09:10:00,1.2107,2.84,0.40,0.4734,600,74.3439,77.91,71.54,1.3920,600,28.49123,28.578,28.431,0.03556,600,718.789,970.6,242.3,230.239,600,722.095,977.0,242.2,232.280,600,131.900,183.7,35.2,46.176,600,600,0.0,0.180,0.2,0.1,0.012,600,0.5849123,0.58578,0.58431,0.0003556,600,0.743439,0.7791,0.7154,0.013920,600,0.00682131,0.009211,0.002299,0.00218496,600,0.00684546,0.009262,0.002296,0.00220201,600,0.00128470,0.001789,0.000342,0.00044975,600,11.30,32,1,6.01,600,0.00,0,0,0.00,600,13.9394,14.02,13.86,45.25,49,43,34.05,119120
2025-03-02 09:20:00,1.1270,3.00,0.32,0.5369,600,73.3921,80.26,67.91,2.8969,600,28.82105,28.931,28.575,0.09801,600,566.562,1128.8,207.6,268.811,600,568.706,1136.3,206.1,271.106,600,101.656,217.8,31.7,53.877,600,600,0.0,0.174,0.2,0.2,0.012,600,0.5882105,0.58931,0.58575,0.0009801,600,0.733921,0.8026,0.6791,0.028969,600,0.00537668,0.010712,0.001971,0.00255102,600,0.00539133,0.010772,0.001954,0.00257008,600,0.00099013,0.002122,0.000309,0.00052476,600,10.24,34,0,6.81,600,0.00,0,0,0.00,600,13.9394,14.01,13.86,45.16,52,42,34.67,119168
2025-03-02 09:30:00,1.1542,3.24,0.32,0.5698,600,72.3303,76.71,68.82,1.9158,600,28.85185,28.954,28.703,0.07301,600,493.347,1074.6,247.6,228.268,600,495.236,1080.7,248.2,230.025,600,87.160,204.4,37.9,44.759,600,600,0.0,0.173,0.2,0.2,0.010,600,0.5885185,0.58954,0.58703,0.0007301,600,0.723303,0.7671,0.6882,0.019158,600,0.00468186,0.010198,0.002350,0.00216626,600,0.00469483,0.010245,0.002353,0.00218064,600,0.00084893,0.001991,0.000369,0.00043595,600,10.59,37,0,7.23,600,0.00,0,0,0.00,600,13.9376,14.01,13.87,45.30,48,42,35.02,119216
2025-03-02 09:40:00,1.3565,3.24,0.48,0.5524,600,73.3698,77.98,70.70,1.4054,600,28.58645,28.713,28.491,0.06935,600,616.117,1191.7,323.0,308.040,600,618.589,1196.9,323.7,310.177,600,113.410,230.9,54.1,62.711,600,600,0.0,0.180,0.2,0.2,0.009,600,0.5858645,0.58713,0.58491,0.0006935,600,0.733698,0.7798,0.7070,0.014054,600,0.00584695,0.011310,0.003065,0.00292330,600,0.00586422,0.011346,0.003068,0.00294048,600,0.00110462,0.002249,0.000527,0.00061081,600,13.15,37,2,7.01,600,0.00,0,0,0.00,600,13.9395,14.06,13.87,45.31,49,42,35.05,119264
2025-03-02 09:50:00,1.1454,3.95,0.48,0.5099,600,72.9368,76.03,70.33,1.0616,600,28.65151,28.726,28.548,0.03616,600,515.557,1170.5,310.2,188.179,600,517.930,1179.9,310.9,189.051,600,93.271,227.5,51.4,38.590,600,600,0.0,0.179,0.2,0.2,0.007,600,0.5865151,0.58726,0.58548,0.0003616,600,0.729368,0.7603,0.7033,0.010616,600,0.00489264,0.011108,0.002944,0.00178582,600,0.00490998,0.011185,0.002947,0.00179221,600,0.00090846,0.002216,0.000500,0.00037587,600,10.47,46,2,6.47,600,0.00,0,0,0.00,600,13.9402,14.01,13.89,45.14,49,42,35.03,119312
2025-03-02 10:00:00,1.1279,2.37,0.40,0.4048,600,72.7414,77.48,69.19,1.5850,600,28.95590,29.277,28.716,0.19655,600,808.130,1238.4,317.7,306.058,600,811.021,1245.7,316.6,308.331,600,154.775,242.6,55.1,62.855,600,600,0.0,0.189,0.2,0.2,0.009,600,0.5895590,0.59277,0.58716,0.0019655,600,0.727414,0.7748,0.6919,0.015850,600,0.00766915,0.011753,0.003015,0.00290449,600,0.00768847,0.011810,0.003001,0.00292298,600,0.00150751,0.002363,0.000537,0.00061221,600,10.25,26,1,5.14,600,0.00,0,0,0.00,600,13.9397,14.02,13.89,45.20,49,42,35.01,119360
2025-03-02 10:10:00,1.1182,2.37,0.40,0.3589,600,70.9670,75.23,67.94,1.4146,600,29.31372,29.367,29.260,0.03398,600,756.454,1330.0,344.5,327.162,600,759.009,1336.8,346.0,328.622,600,142.553,261.6,58.9,67.899,600,600,0.0,0.184,0.2,0.2,0.010,600,0.5931372,0.59367,0.59260,0.0003398,600,0.709670,0.7523,0.6794,0.014146,600,0.00717875,0.012622,0.003270,0.00310477,600,0.00719541,0.012672,0.003280,0.00311533,600,0.00138846,0.002548,0.000574,0.00066134,600,10.13,26,1,4.55,600,0.00,0,0,0.00,600,13.9392,14.02,13.89,45.39,49,43,35.07,119408
2025-03-02 10:20:00,0.9996,2.92,0.32,0.4729,600,69.5566,76.67,63.51,3.0358,600,29.88301,30.351,29.310,0.32092,600,1078.217,1243.4,410.3,173.130,600,1081.496,1247.5,408.6,174.642,600,210.357,242.6,75.8,35.803,600,600,0.0,0.195,0.2,0.2,0.005,600,0.5988301,0.60351,0.59310,0.0032092,600,0.695566,0.7667,0.6351,0.030358,600,0.01023227,0.011800,0.003894,0.00164300,600,0.01025258,0.011826,0.003874,0.00165560,600,0.00204888,0.002363,0.000739,0.00034872,600,8.62,33,0,6.00,600,0.00,0,0,0.00,600,13.9234,14.04,13.84,45.48,49,43,35.44,119456
2025-03-02 10:30:00,1.0441,3.47,0.32,0.5213,600,67.0062,72.61,63.24,1.8543,600,30.36309,30.522,30.203,0.10573,600,629.906,1332.5,314.1,360.444,600,631.633,1337.8,315.2,361.970,600,117.720,265.7,53.1,74.826,600,600,0.0,0.181,0.2,0.2,0.010,600,0.6036309,0.60522,0.60203,0.0010573,600,0.670062,0.7261,0.6324,0.018543,600,0.00597780,0.012646,0.002981,0.00342061,600,0.00598789,0.012682,0.002988,0.00343147,600,0.00114659,0.002588,0.000517,0.00072880,600,9.19,40,0,6.61,600,0.00,0,0,0.00,600,13.5444,13.96,13.21,46.72,51,43,35.99,119504
2025-03-02 10:40:00,1.3561,3.24,0.40,0.6058,600,68.5757,72.64,64.42,1.8588,600,29.85495,30.207,29.686,0.13675,600,568.008,940.6,406.8,137.695,600,569.448,942.6,407.9,137.889,600,104.292,182.0,71.3,28.318,600,600,0.0,0.183,0.2,0.2,0.005,600,0.5985495,0.60207,0.59686,0.0013675,600,0.685757,0.7264,0.6442,0.018588,600,0.00539040,0.008926,0.003860,0.00130673,600,0.00539837,0.008936,0.003867,0.00130719,600,0.00101581,0.001772,0.000695,0.00027582,600,13.15,37,1,7.69,600,0.00,0,0,0.00,600,13.2949,13.36,13.19,47.40,52,44,36.34,119553
2025-03-02 10:50:00,0.8060,1.98,0.32,0.3424,600,69.1758,72.31,66.13,1.1211,600,29.64411,29.683,29.616,0.01894,600,584.470,1344.2,375.7,278.608,600,586.606,1350.9,377.1,280.126,600,106.475,263.3,63.8,57.436,600,600,0.0,0.178,0.2,0.2,0.009,600,0.5964411,0.59683,0.59616,0.0001894,600,0.691758,0.7231,0.6613,0.011211,600,0.00554662,0.012756,0.003565,0.00264399,600,0.00556103,0.012807,0.003575,0.00265560,600,0.00103707,0.002565,0.000621,0.00055943,600,6.17,21,0,4.34,600,0.00,0,0,0.00,600,13.2946,13.35,13.24,47.40,52,44,36.67,119601
2025-03-02 11:00:00,1.1048,2.92,0.32,0.4957,600,68.5452,73.85,64.59,1.8736,600,29.87777,30.153,29.636,0.17672,600,1060.654,1281.9,406.1,257.419,600,1063.439,1288.2,407.2,258.371,600,205.172,251.9,69.3,53.618,600,600,0.0,0.192,0.2,0.2,0.007,600,0.5987777,0.60153,0.59636,0.0017672,600,0.685452,0.7385,0.6459,0.018736,600,0.01006560,0.012166,0.003854,0.00244291,600,0.01008140,0.012213,0.003860,0.00244935,600,0.00199838,0.002454,0.000675,0.00052224,600,9.96,33,0,6.29,600,0.00,0,0,0.00,600,13.2964,13.39,13.24,47.33,51,44,36.56,119649
2025-03-02 11:10:00,0.7609,1.58,0.32,0.2880,600,67.3485,71.80,64.02,1.7490,600,30.44166,30.633,30.153,0.13786,600,771.410,1386.6,395.8,317.853,600,772.897,1398.0,396.2,319.086,600,146.838,261.6,72.0,64.754,600,600,0.0,0.188,0.2,0.2,0.007,600,0.6044166,0.60633,0.60153,0.0013786,600,0.673485,0.7180,0.6402,0.017490,600,0.00732068,0.013159,0.003756,0.00301642,600,0.00732707,0.013253,0.003756,0.00302493,600,0.00143020,0.002548,0.000702,0.00063070,600,5.59,16,0,3.65,600,0.00,0,0,0.00,600,13.2982,13.38,13.24,47.09,51,44,36.66,119697
2025-03-02 11:20:00,0.8106,2.37,0.32,0.3699,600,67.4567,71.23,65.09,1.3519,600,30.45657,30.643,30.233,0.12774,600,368.752,408.6,322.3,23.896,600,369.289,409.3,322.2,24.047,600,66.508,74.1,58.9,4.294,600,600,0.0,0.180,0.2,0.2,0.003,600,0.6045657,0.60643,0.60233,0.0012774,600,0.674567,0.7123,0.6509,0.013519,600,0.00349946,0.003877,0.003058,0.00022677,600,0.00350086,0.003881,0.003055,0.00022796,600,0.00064779,0.000722,0.000574,0.00004182,600,6.22,26,0,4.69,600,0.00,0,0,0.00,600,13.2951,13.38,13.24,47.08,51,41,36.95,119745
2025-03-02 11:30:00,1.0059,2.29,0.32,0.3663,600,69.4515,73.08,66.97,1.3090,600,30.02327,30.237,29.841,0.10514,600,442.324,1252.6,352.7,126.062,600,443.041,1256.7,353.4,126.630,600,79.489,241.9,60.7,24.885,600,600,0.0,0.179,0.2,0.2,0.004,600,0.6002327,0.60237,0.59841,0.0010514,600,0.694515,0.7308,0.6697,0.013090,600,0.00419766,0.011887,0.003347,0.00119633,600,0.00420003,0.011914,0.003350,0.00120045,600,0.00077422,0.002357,0.000591,0.00024238,600,8.70,25,0,4.65,600,0.00,0,0,0.00,600,13.2969,13.46,13.24,46.95,52,44,36.98,119793
2025-03-02 11:40:00,1.2274,2.37,0.48,0.3892,600,68.9869,72.54,66.47,1.2230,600,29.78887,30.136,29.639,0.14173,600,1016.574,1391.2,496.3,307.103,600,1017.974,1394.1,495.4,307.637,600,196.333,280.2,90.3,64.521,600,600,0.0,0.191,0.2,0.2,0.007,600,0.5978887,0.60136,0.59639,0.0014173,600,0.689869,0.7254,0.6647,0.012230,600,0.00964729,0.013203,0.004710,0.00291441,600,0.00965039,0.013216,0.004696,0.00291640,600,0.00191228,0.002729,0.000880,0.00062844,600,11.51,26,2,4.94,600,0.00,0,0,0.00,600,13.3010,13.36,13.24,46.78,53,42,36.81,119841
2025-03-02 11:50:00,0.9050,2.61,0.40,0.4425,600,67.1629,73.15,63.98,1.8935,600,30.42699,30.720,30.133,0.18412,600,724.174,1452.1,361.2,360.761,600,724.814,1455.0,361.5,361.089,600,137.065,290.5,64.1,74.535,600,600,0.0,0.186,0.2,0.2,0.008,600,0.6042699,0.60720,0.60133,0.0018412,600,0.671629,0.7315,0.6398,0.018935,600,0.00687241,0.013780,0.003427,0.00342362,600,0.00687123,0.013794,0.003427,0.00342312,600,0.00133501,0.002830,0.000624,0.00072598,600,7.42,29,1,5.61,600,0.00,0,0,0.00,600,13.2956,13.39,13.24,46.96,50,44,36.75,119891
2025-03-02 12:00:00,1.0600,2.61,0.40,0.4532,600,66.4924,72.54,64.12,1.4721,600,30.73753,30.895,30.646,0.07220,600,943.567,1439.7,312.3,338.537,600,942.626,1439.1,312.3,338.596,600,184.446,288.5,53.4,70.871,600,600,0.0,0.192,0.2,0.2,0.009,600,0.6073753,0.60895,0.60646,0.0007220,600,0.664924,0.7254,0.6412,0.014721,600,0.00895445,0.013663,0.002964,0.00321272,600,0.00893610,0.013643,0.002961,0.00320989,600,0.00179651,0.002810,0.000520,0.00069029,600,9.39,29,1,5.75,600,0.00,0,0,0.00,600,13.2969,13.40,13.22,47.05,51,44,36.93,119939
2025-03-02 12:10:00,0.7281,1.90,0.32,0.3163,600,65.4773,72.11,59.55,3.1681,600,31.20010,31.365,30.895,0.16018,600,827.086,1338.9,399.0,295.209,600,826.123,1338.2,398.7,294.910,600,158.691,271.2,70.3,62.623,600,600,0.0,0.189,0.2,0.2,0.008,600,0.6120010,0.61365,0.60895,0.0016018,600,0.654773,0.7211,0.5955,0.031681,600,0.00784905,0.012706,0.003787,0.00280153,600,0.00783164,0.012686,0.003780,0.00279575,600,0.00154565,0.002642,0.000685,0.00060995,600,5.18,20,0,4.01,600,0.00,0,0,0.00,600,13.2661,13.42,13.19,46.63,53,45,37.01,119987
2025-03-02 12:20:00,0.8395,2.76,0.32,0.3767,600,64.0892,70.97,61.06,1.7192,600,31.41272,31.617,31.324,0.09671,600,1009.126,1321.9,439.7,185.372,600,1006.525,1321.2,436.3,185.184,600,198.669,267.1,76.2,39.947,600,600,0.0,0.196,0.2,0.2,0.006,600,0.6141272,0.61617,0.61324,0.0009671,600,0.640892,0.7097,0.6106,0.017192,600,0.00957661,0.012545,0.004173,0.00175918,600,0.00954185,0.012525,0.004136,0.00175554,600,0.00193503,0.002602,0.000742,0.00038909,600,6.59,31,0,4.78,600,0.00,0,0,0.00,600,13.2469,13.35,13.16,46.91,51,45,37.37,120035
2025-03-02 12:30:00,0.9653,2.37,0.40,0.3919,600,62.5684,67.71,58.91,2.0029,600,31.70000,31.825,31.606,0.07271,600,1107.407,1239.8,1061.6,46.700,600,1105.178,1237.6,1059.1,46.824,600,218.773,246.4,209.6,9.614,600,600,0.0,0.198,0.2,0.2,0.001,600,0.6170000,0.61825,0.61606,0.0007271,600,0.625684,0.6771,0.5891,0.020029,600,0.01050929,0.011766,0.010074,0.00044319,600,0.01047709,0.011732,0.010041,0.00044389,600,0.00213085,0.002400,0.002041,0.00009364,600,8.19,26,1,4.97,600,0.00,0,0,0.00,600,13.2457,13.31,13.15,47.24,52,44,37.93,120084
2025-03-02 12:40:00,0.7795,2.21,0.32,0.3841,600,62.2966,68.92,59.65,1.7081,600,31.94393,32.073,31.794,0.09309,600,617.823,1326.1,318.0,301.719,600,616.978,1323.3,318.0,300.983,600,116.054,265.4,52.7,63.445,600,600,0.0,0.183,0.2,0.2,0.011,600,0.6194393,0.62073,0.61794,0.0009309,600,0.622966,0.6892,0.5965,0.017081,600,0.00586314,0.012585,0.003018,0.00286331,600,0.00584895,0.012545,0.003015,0.00285332,600,0.00113037,0.002585,0.000514,0.00061795,600,5.83,24,0,4.87,600,0.00,0,0,0.00,600,13.2442,13.35,13.19,47.23,52,45,38.33,120132
2025-03-02 12:50:00,0.8522,2.37,0.32,0.4341,600,63.0580,68.92,59.15,1.9418,600,31.49797,31.932,31.321,0.18520,600,586.145,1017.0,343.5,142.095,600,586.081,1015.2,343.8,141.713,600,109.947,205.8,59.6,30.086,600,600,0.2,0.186,0.2,0.2,0.006,600,0.6149797,0.61932,0.61321,0.0018520,600,0.630580,0.6892,0.5915,0.019418,600,0.00556251,0.009651,0.003260,0.00134849,600,0.00555605,0.009624,0.003260,0.00134344,600,0.00107088,0.002004,0.000581,0.00029303,600,6.75,26,0,5.51,600,0.00,1,0,0.06,600,13.2129,13.30,12.95,57.90,110,45,39.01,120180
2025-03-02 13:00:00,0.9224,2.61,0.32,0.4398,600,62.7556,66.67,59.38,1.4217,600,31.28208,31.392,31.073,0.09722,600,493.837,1313.1,325.4,208.992,600,492.829,1313.0,325.1,208.669,600,93.613,263.0,58.6,43.229,600,600,0.0,0.187,0.2,0.2,0.006,600,0.6128208,0.61392,0.61073,0.0009722,600,0.627556,0.6667,0.5938,0.014217,600,0.00468651,0.012461,0.003088,0.00198334,600,0.00467202,0.012448,0.003082,0.00197818,600,0.00091179,0.002561,0.000571,0.00042105,600,7.64,29,0,5.58,600,0.00,0,0,0.00,600,13.0798,13.32,12.95,99.64,121,48,40.05,120228
2025-03-02 13:10:00,0.9831,2.84,0.40,0.4649,600,65.7244,73.25,62.44,2.4376,600,31.18608,31.395,30.982,0.16210,600,767.392,1332.2,360.1,362.628,600,766.007,1335.3,359.4,362.083,600,149.779,275.4,64.5,78.226,600,600,0.0,0.191,0.2,0.2,0.010,600,0.6118608,0.61395,0.60982,0.0016210,600,0.657244,0.7325,0.6244,0.024376,600,0.00728255,0.012642,0.003417,0.00344134,600,0.00726175,0.012659,0.003407,0.00343255,600,0.00145885,0.002682,0.000628,0.00076192,600,8.41,32,1,5.90,600,0.00,0,0,0.00,600,13.2420,13.35,13.18,49.58,54,48,40.00,120276
2025-03-02 13:20:00,0.6478,1.34,0.32,0.2459,600,63.8370,68.08,61.33,1.5698,600,31.47575,31.687,31.314,0.11102,600,676.794,1205.2,532.7,175.001,600,674.770,1197.2,531.2,174.267,600,130.195,245.0,99.6,37.196,600,600,0.0,0.191,0.2,0.2,0.004,600,0.6147575,0.61687,0.61314,0.0011102,600,0.638370,0.6808,0.6133,0.015698,600,0.00642277,0.011437,0.005056,0.00166076,600,0.00639682,0.011350,0.005035,0.00165205,600,0.00126810,0.002387,0.000970,0.00036229,600,4.16,13,0,3.12,600,0.00,0,0,0.00,600,13.2421,13.32,13.16,49.46,53,47,39.81,120324
2025-03-02 13:30:00,1.0376,2.68,0.32,0.4745,600,60.8163,67.71,58.14,1.6251,600,31.90715,32.083,31.660,0.12949,600,547.810,1463.0,291.5,367.427,600,546.646,1457.9,291.1,366.649,600,106.055,305.0,50.3,79.365,600,600,0.0,0.186,0.2,0.2,0.012,600,0.6190715,0.62083,0.61660,0.0012949,600,0.608163,0.6771,0.5814,0.016251,600,0.00519872,0.013884,0.002766,0.00348688,600,0.00518220,0.013820,0.002759,0.00347583,600,0.00103298,0.002971,0.000490,0.00077302,600,9.11,30,0,6.02,600,0.00,0,0,0.00,600,13.2399,13.30,13.16,49.72,54,48,39.92,120372
2025-03-02 13:40:00,0.7331,1.34,0.32,0.2073,600,63.6515,66.90,59.35,1.3028,600,31.37052,31.657,31.230,0.12384,600,447.455,1131.2,308.5,160.026,600,447.211,1136.0,308.8,160.156,600,83.277,228.5,53.4,34.270,600,600,0.0,0.184,0.2,0.2,0.008,600,0.6137052,0.61657,0.61230,0.0012384,600,0.636515,0.6690,0.5935,0.013028,600,0.00424635,0.010735,0.002927,0.00151864,600,0.00423956,0.010769,0.002927,0.00151828,600,0.00081111,0.002226,0.000520,0.00033379,600,5.24,13,0,2.63,600,0.00,0,0,0.00,600,13.2413,13.40,13.19,49.48,53,47,40.00,120421
2025-03-02 13:50:00,0.5789,2.29,0.32,0.2980,600,64.8542,70.63,60.46,2.4336,600,31.42995,31.593,31.301,0.07752,600,401.526,591.1,300.0,50.554,600,400.677,593.8,299.2,50.716,600,74.688,107.5,55.1,9.520,600,600,0.0,0.186,0.2,0.2,0.002,600,0.6142995,0.61593,0.61301,0.0007752,600,0.648542,0.7063,0.6046,0.024336,600,0.00381048,0.005609,0.002847,0.00047976,600,0.00379842,0.005630,0.002837,0.00048079,600,0.00072746,0.001047,0.000537,0.00009272,600,3.29,25,0,3.78,600,0.00,0,0,0.00,600,13.2393,13.35,13.15,49.58,54,47,39.95,120469
2025-03-02 14:00:00,0.5211,1.27,0.32,0.1993,600,63.8546,69.05,59.38,1.7687,600,31.58226,31.690,31.429,0.07602,600,260.096,299.6,246.6,12.885,600,259.617,298.5,246.1,12.885,600,45.910,55.1,42.4,3.238,600,600,0.0,0.176,0.2,0.2,0.004,600,0.6158226,0.61690,0.61429,0.0007602,600,0.638546,0.6905,0.5938,0.017687,600,0.00246831,0.002843,0.002340,0.00012228,600,0.00246117,0.002830,0.002333,0.00012215,600,0.00044717,0.000537,0.000413,0.00003153,600,2.55,12,0,2.53,600,0.00,0,0,0.00,600,13.2409,13.30,13.18,49.44,54,47,39.64,120517
2025-03-02 14:10:00,0.4767,1.19,0.32,0.1773,600,66.5898,70.63,61.67,2.0351,600,31.27866,31.432,31.207,0.05962,600,363.559,620.4,269.2,104.527,600,362.975,619.7,268.8,104.529,600,66.199,121.0,45.5,22.438,600,600,0.0,0.180,0.2,0.2,0.008,600,0.6127866,0.61432,0.61207,0.0005962,600,0.665898,0.7063,0.6167,0.020351,600,0.00345018,0.005888,0.002555,0.00099196,600,0.00344100,0.005875,0.002548,0.00099094,600,0.00064478,0.001178,0.000443,0.00021854,600,1.99,11,0,2.25,600,0.00,0,0,0.00,600,13.2833,13.38,13.19,48.98,53,47,39.08,120565
2025-03-02 14:20:00,0.7416,2.05,0.32,0.3817,600,66.6130,73.75,62.61,2.1042,600,31.60369,31.952,31.274,0.18970,600,709.206,1062.6,390.9,161.642,600,706.931,1061.3,389.2,161.457,600,142.173,220.9,73.4,35.481,600,600,0.0,0.199,0.2,0.2,0.005,600,0.6160369,0.61952,0.61274,0.0018970,600,0.666130,0.7375,0.6261,0.021042,600,0.00673037,0.010084,0.003709,0.00153398,600,0.00670171,0.010061,0.003689,0.00153062,600,0.00138476,0.002152,0.000715,0.00034559,600,5.35,22,0,4.84,600,0.00,0,0,0.00,600,13.2851,13.35,13.19,49.14,53,47,38.85,120613
2025-03-02 14:30:00,0.7340,1.90,0.32,0.3451,600,66.5576,70.70,63.58,1.4325,600,31.97884,32.184,31.680,0.15677,600,453.692,915.8,301.0,168.356,600,450.792,911.1,298.2,167.743,600,87.825,194.0,53.4,37.529,600,600,0.0,0.190,0.2,0.2,0.010,600,0.6197884,0.62184,0.61680,0.0015677,600,0.665576,0.7070,0.6358,0.014325,600,0.00430554,0.008691,0.002857,0.00159770,600,0.00427351,0.008637,0.002827,0.00159020,600,0.00085541,0.001890,0.000520,0.00036553,600,5.25,20,0,4.38,600,0.00,0,0,0.00,600,13.2426,13.31,13.19,49.37,53,47,38.91,120661
2025-03-02 14:40:00,1.1420,2.68,0.48,0.3518,600,69.1026,74.42,66.03,1.7162,600,31.57435,31.684,31.462,0.07315,600,860.778,1015.9,190.3,192.492,600,856.357,1012.0,187.7,192.383,600,181.349,216.1,30.7,43.602,600,600,0.0,0.209,0.2,0.2,0.011,600,0.6157435,0.61684,0.61462,0.0007315,600,0.691026,0.7442,0.6603,0.017162,600,0.00816878,0.009641,0.001806,0.00182675,600,0.00811826,0.009594,0.001779,0.00182379,600,0.00176633,0.002105,0.000299,0.00042468,600,10.43,30,2,4.46,600,0.00,0,0,0.00,600,13.2433,13.30,13.19,49.42,54,47,39.05,120709
2025-03-02 14:50:00,1.0368,2.29,0.32,0.4060,600,70.1498,75.06,66.60,1.9443,600,30.96988,31.630,30.408,0.39446,600,171.888,509.0,135.8,68.684,600,170.252,506.7,134.6,68.500,600,25.849,99.9,17.6,15.299,600,600,0.0,0.144,0.2,0.1,0.017,600,0.6096988,0.61630,0.60408,0.0039446,600,0.701498,0.7506,0.6660,0.019443,600,0.00163121,0.004831,0.001289,0.00065181,600,0.00161399,0.004804,0.001276,0.00064938,600,0.00025177,0.000974,0.000171,0.00014902,600,9.10,25,0,5.15,600,0.00,0,0,0.00,600,13.2388,13.38,13.15,49.49,53,47,39.81,120757
2025-03-02 15:00:00,0.6245,1.82,0.32,0.3174,600,71.3736,78.02,65.63,2.6799,600,30.71016,31.388,30.368,0.34758,600,647.007,966.8,247.3,297.297,600,643.772,962.1,245.4,296.358,600,136.516,212.0,44.1,67.826,600,600,0.0,0.205,0.2,0.2,0.014,600,0.6071016,0.61388,0.60368,0.0034758,600,0.713736,0.7802,0.6563,0.026799,600,0.00614010,0.009175,0.002347,0.00282135,600,0.00610296,0.009121,0.002326,0.00280947,600,0.00132967,0.002065,0.000430,0.00066062,600,3.86,19,0,4.03,600,0.00,0,0,0.00,600,13.2413,13.30,13.18,49.52,56,48,39.98,120805
2025-03-02 15:10:00,1.7199,4.34,0.48,0.7183,600,68.1231,75.36,64.96,2.6893,600,30.92472,31.425,29.582,0.52723,600,100.762,246.6,57.3,52.343,600,99.025,244.7,55.2,52.185,600,14.542,48.6,0.0,13.089,600,600,2.2,0.142,0.2,0.0,0.042,512,0.6092472,0.61425,0.59582,0.0052723,600,0.681231,0.7536,0.6496,0.026893,600,0.00095623,0.002340,0.000544,0.00049673,600,0.00093876,0.002320,0.000524,0.00049472,600,0.00013967,0.000473,-0.000037,0.00012984,600,17.76,51,2,9.11,600,0.04,1,0,0.19,600,13.2366,13.32,13.18,49.64,54,48,39.98,120853
2025-03-02 15:20:00,1.3602,3.71,0.40,0.5784,600,83.2879,91.28,74.32,4.5828,600,27.56414,29.572,26.353,0.94909,600,126.242,157.4,72.5,27.664,600,125.884,157.2,70.1,28.245,600,16.542,22.1,5.5,4.799,600,600,3.6,0.128,0.1,0.1,0.016,600,0.5756414,0.59572,0.56353,0.0094909,600,0.832879,0.9128,0.7432,0.045828,600,0.00119803,0.001494,0.000688,0.00026253,600,0.00119338,0.001490,0.000665,0.00026776,600,0.00016112,0.000215,0.000054,0.00004674,600,13.20,43,1,7.34,600,0.06,1,0,0.24,600,13.2881,13.54,13.19,48.80,53,46,39.41,120903
2025-03-02 15:30:00,1.0667,5.52,0.40,0.6454,600,89.5601,91.48,86.91,1.0827,600,26.12433,26.353,25.980,0.08825,600,104.725,135.5,93.7,10.542,600,104.656,135.6,93.5,10.584,600,15.591,19.0,14.1,1.017,600,600,0.0,0.149,0.2,0.1,0.006,600,0.5612433,0.56353,0.55980,0.0008825,600,0.895601,0.9148,0.8691,0.010827,600,0.00099384,0.001286,0.000890,0.00010004,600,0.00099214,0.001286,0.000886,0.00010034,600,0.00015186,0.000185,0.000138,0.00000991,600,9.47,66,1,8.19,600,0.00,0,0,0.00,600,13.3593,13.46,13.28,48.39,53,45,37.35,120952
2025-03-02 15:40:00,0.8556,3.39,0.32,0.5496,600,87.8263,89.73,86.04,0.8003,600,25.94117,25.987,25.896,0.02278,600,83.487,98.3,74.6,7.138,600,83.517,98.4,74.7,7.156,600,13.468,14.8,12.4,0.711,600,600,0.0,0.162,0.2,0.1,0.006,600,0.5594117,0.55987,0.55896,0.0002278,600,0.878263,0.8973,0.8604,0.008003,600,0.00079229,0.000933,0.000708,0.00006774,600,0.00079174,0.000933,0.000708,0.00006784,600,0.00013118,0.000144,0.000121,0.00000693,600,6.80,39,0,6.97,600,0.00,0,0,0.00,600,13.3955,13.55,13.34,48.44,52,45,35.22,121000
2025-03-02 15:50:00,0.7711,1.27,0.32,0.1830,600,89.1634,91.51,86.91,1.1540,600,25.80277,25.906,25.685,0.07104,600,71.494,76.4,66.1,3.580,600,71.298,76.1,65.9,3.605,600,11.845,12.8,10.7,0.594,600,600,0.0,0.166,0.2,0.2,0.002,600,0.5580277,0.55906,0.55685,0.0007104,600,0.891634,0.9151,0.8691,0.011540,600,0.00067848,0.000725,0.000628,0.00003398,600,0.00067591,0.000722,0.000624,0.00003417,600,0.00011537,0.000124,0.000104,0.00000579,600,5.72,12,0,2.32,600,0.00,0,0,0.00,600,13.3937,13.45,13.34,48.51,52,46,33.41,121048
2025-03-02 16:00:00,0.8818,1.74,0.40,0.2660,600,91.1131,92.35,89.90,0.6332,600,25.70050,25.722,25.668,0.01446,600,63.723,66.5,60.5,1.977,600,63.477,66.2,60.2,1.959,600,10.884,11.4,10.0,0.381,600,600,0.0,0.171,0.2,0.2,0.003,600,0.5570050,0.55722,0.55668,0.0001446,600,0.911131,0.9235,0.8990,0.006332,600,0.00060473,0.000631,0.000574,0.00001877,600,0.00060176,0.000628,0.000571,0.00001858,600,0.00010601,0.000111,0.000097,0.00000371,600,7.13,18,1,3.38,600,0.00,0,0,0.00,600,13.3956,13.46,13.34,48.30,53,46,31.91,121096
2025-03-02 16:10:00,1.0219,1.98,0.48,0.2386,600,91.8368,93.09,90.91,0.4883,600,25.61943,25.705,25.564,0.04176,600,61.630,64.4,57.0,2.072,600,61.393,64.1,57.0,2.050,600,10.381,11.0,9.6,0.370,600,600,0.0,0.168,0.2,0.2,0.003,600,0.5561943,0.55705,0.55564,0.0004176,600,0.918368,0.9309,0.9091,0.004883,600,0.00058487,0.000611,0.000540,0.00001967,600,0.00058201,0.000608,0.000540,0.00001943,600,0.00010111,0.000107,0.000094,0.00000361,600,8.91,21,2,3.03,600,0.00,0,0,0.00,600,13.3949,13.46,13.34,48.09,52,45,30.82,121144
2025-03-02 16:20:00,0.5981,1.50,0.32,0.2625,600,91.8377,92.95,89.93,0.6267,600,25.60699,25.671,25.574,0.02815,600,51.680,57.3,45.3,3.440,600,51.580,57.0,45.0,3.428,600,8.830,10.0,7.9,0.522,600,600,0.0,0.171,0.2,0.2,0.003,600,0.5560699,0.55671,0.55574,0.0002815,600,0.918377,0.9295,0.8993,0.006267,600,0.00049044,0.000544,0.000430,0.00003265,600,0.00048898,0.000540,0.000426,0.00003250,600,0.00008600,0.000097,0.000077,0.00000508,600,3.53,15,0,3.33,600,0.00,0,0,0.00,600,13.3937,13.44,13.34,48.08,53,46,29.97,121192
2025-03-02 16:30:00,0.6002,1.42,0.32,0.2030,600,89.6906,91.95,87.55,1.0402,600,25.73381,25.775,25.671,0.02838,600,39.586,45.3,34.7,2.890,600,39.568,45.3,35.1,2.891,600,7.253,7.9,6.5,0.376,600,600,0.0,0.184,0.2,0.2,0.006,600,0.5573381,0.55775,0.55671,0.0002838,600,0.896906,0.9195,0.8755,0.010402,600,0.00037567,0.000430,0.000329,0.00002742,600,0.00037510,0.000430,0.000332,0.00002741,600,0.00007065,0.000077,0.000064,0.00000366,600,3.56,14,0,2.58,600,0.00,0,0,0.00,600,13.3941,13.52,13.34,47.97,51,46,29.14,121240
2025-03-02 16:40:00,0.3716,1.27,0.32,0.1236,600,89.3943,90.84,87.28,0.6917,600,25.75231,25.782,25.712,0.02091,600,30.001,35.0,25.8,2.595,600,30.019,35.1,25.9,2.587,600,5.838,6.9,4.8,0.461,600,600,0.1,0.195,0.2,0.2,0.005,600,0.5575231,0.55782,0.55712,0.0002091,600,0.893943,0.9084,0.8728,0.006917,600,0.00028471,0.000332,0.000245,0.00002462,600,0.00028458,0.000332,0.000245,0.00002452,600,0.00005686,0.000067,0.000047,0.00000449,600,0.66,12,0,1.57,600,0.00,1,0,0.04,600,13.3515,13.44,13.12,48.31,54,46,28.83,121288
2025-03-02 16:50:00,0.3220,0.48,0.32,0.0131,600,91.5089,93.26,90.17,0.7449,600,25.67374,25.722,25.608,0.03370,600,21.941,26.2,18.4,2.407,600,21.982,26.2,18.1,2.408,600,4.344,5.5,3.4,0.526,600,600,0.0,0.198,0.2,0.2,0.007,600,0.5567374,0.55722,0.55608,0.0003370,600,0.915089,0.9326,0.9017,0.007449,600,0.00020822,0.000248,0.000175,0.00002284,600,0.00020839,0.000248,0.000171,0.00002283,600,0.00004231,0.000054,0.000034,0.00000513,600,0.03,2,0,0.17,600,0.00,0,0,0.00,600,12.7643,13.16,12.50,50.28,55,48,28.14,121336
2025-03-02 17:00:00,0.3559,0.64,0.32,0.0643,600,93.0521,93.96,91.91,0.5194,600,25.55835,25.614,25.440,0.04652,600,18.003,18.4,17.0,0.280,600,17.958,18.4,17.0,0.254,600,3.485,3.8,3.1,0.152,600,600,0.0,0.194,0.2,0.2,0.008,600,0.5555835,0.55614,0.55440,0.0004652,600,0.930521,0.9396,0.9191,0.005194,600,0.00017084,0.000175,0.000161,0.00000266,600,0.00017024,0.000175,0.000161,0.00000241,600,0.00003394,0.000037,0.000030,0.00000148,600,0.46,4,0,0.82,600,0.00,0,0,0.00,600,12.5323,12.59,12.48,51.30,56,49,27.95,121384
2025-03-02 17:10:00,0.3419,0.48,0.32,0.0413,600,94.1302,95.20,91.58,0.8638,600,25.36729,25.443,25.329,0.03102,600,15.232,17.3,13.4,1.005,600,15.182,17.0,13.5,1.014,600,3.213,3.4,2.8,0.168,600,600,0.0,0.211,0.2,0.2,0.013,600,0.5536729,0.55443,0.55329,0.0003102,600,0.941302,0.9520,0.9158,0.008638,600,0.00014456,0.000164,0.000128,0.00000954,600,0.00014392,0.000161,0.000128,0.00000961,600,0.00003129,0.000034,0.000027,0.00000164,600,0.28,2,0,0.52,600,0.00,0,0,0.00,600,12.5151,12.58,12.46,51.30,54,49,27.62,121433
2025-03-02 17:20:00,0.3335,0.48,0.32,0.0346,600,94.8587,95.34,93.79,0.4350,600,25.31386,25.342,25.285,0.01907,600,12.144,13.8,10.3,0.930,600,12.035,13.8,10.3,0.980,600,2.722,3.4,2.1,0.264,600,600,0.0,0.224,0.3,0.2,0.012,600,0.5531386,0.55342,0.55285,0.0001907,600,0.948587,0.9534,0.9379,0.004350,600,0.00011525,0.000131,0.000097,0.00000883,600,0.00011410,0.000131,0.000097,0.00000929,600,0.00002651,0.000034,0.000020,0.00000257,600,0.17,2,0,0.44,600,0.00,0,0,0.00,600,12.5116,12.59,12.46,51.32,53,49,27.11,121481
2025-03-02 17:30:00,0.4690,0.71,0.32,0.1120,600,94.6557,95.44,93.73,0.4405,600,25.26104,25.316,25.201,0.03363,600,9.023,10.6,7.4,0.857,600,8.887,10.6,7.1,0.863,600,1.971,2.4,1.4,0.307,600,600,0.0,0.229,0.3,0.2,0.013,372,0.5526104,0.55316,0.55201,0.0003363,600,0.946557,0.9544,0.9373,0.004405,600,0.00008563,0.000101,0.000071,0.00000813,600,0.00008425,0.000101,0.000067,0.00000818,600,0.00001919,0.000023,0.000013,0.00000299,600,1.89,5,0,1.42,600,0.00,0,0,0.00,600,12.5088,12.56,12.46,51.31,55,49,27.01,121529
2025-03-02 17:40:00,0.4143,0.79,0.32,0.0989,600,93.4963,95.07,91.88,0.9950,600,25.17617,25.211,25.148,0.01900,600,5.528,7.4,3.5,1.148,600,5.445,7.4,3.5,1.173,600,1.399,1.7,1.0,0.125,600,600,0.0,---,---,---,---,0,0.5517617,0.55211,0.55148,0.0001900,600,0.934963,0.9507,0.9188,0.009950,600,0.00005246,0.000071,0.000034,0.00001089,600,0.00005162,0.000071,0.000034,0.00001112,600,0.00001363,0.000017,0.000010,0.00000122,600,1.20,6,0,1.25,600,0.00,0,0,0.00,600,12.4979,12.56,12.45,51.35,54,49,26.97,121577
2025-03-02 17:50:00,0.3211,0.40,0.32,0.0090,600,94.1117,95.00,93.32,0.4051,600,25.23098,25.248,25.205,0.00891,600,2.253,3.9,0.7,0.832,600,2.239,3.9,1.1,0.853,600,1.111,1.7,0.7,0.212,600,600,0.0,---,---,---,---,0,0.5523098,0.55248,0.55205,0.0000891,600,0.941117,0.9500,0.9332,0.004051,600,0.00002138,0.000037,0.000007,0.00000789,600,0.00002122,0.000037,0.000010,0.00000809,600,0.00001082,0.000017,0.000007,0.00000206,600,0.01,1,0,0.11,600,0.00,0,0,0.00,600,12.4888,12.56,12.44,51.46,54,49,26.86,121625
2025-03-02 18:00:00,0.3200,0.32,0.32,0.0000,600,93.5140,94.70,92.35,0.6274,600,25.21214,25.242,25.185,0.01721,600,0.637,1.4,0.0,0.257,600,0.614,1.1,0.0,0.237,600,0.715,1.0,0.7,0.092,600,600,0.0,---,---,---,---,0,0.5521214,0.55242,0.55185,0.0001721,600,0.935140,0.9470,0.9235,0.006274,600,0.00000605,0.000013,0.000000,0.00000244,600,0.00000582,0.000010,0.000000,0.00000225,600,0.00000697,0.000010,0.000007,0.00000089,600,0.00,0,0,0.00,600,0.00,0,0,0.00,600,12.4831,12.59,12.44,51.51,53,49,26.60,121673
2025-03-02 18:10:00,0.3782,0.64,0.32,0.0756,600,94.5622,95.34,92.85,0.4874,600,25.13149,25.191,25.067,0.03930,600,0.040,0.4,0.0,0.112,600,0.010,0.4,0.0,0.059,600,0.689,0.7,0.7,0.000,600,600,0.0,---,---,---,---,0,0.5513149,0.55191,0.55067,0.0003930,600,0.945622,0.9534,0.9285,0.004874,600,0.00000038,0.000003,0.000000,0.00000106,600,0.00000010,0.000003,0.000000,0.00000056,600,0.00000671,0.000007,0.000007,0.00000000,600,0.74,4,0,0.96,600,0.00,0,0,0.00,600,12.4865,12.64,12.38,51.40,54,48,26.30,121721
2025-03-02 18:20:00,0.3220,0.48,0.32,0.0131,600,94.4711,95.34,93.79,0.4134,600,25.08404,25.107,25.067,0.01200,600,0.000,0.0,0.0,0.000,600,0.000,0.0,0.0,0.000,600,0.689,0.7,0.7,0.000,600,600,0.0,---,---,---,---,0,0.5508404,0.55107,0.55067,0.0001200,600,0.944711,0.9534,0.9379,0.004134,600,-0.00000039,0.000000,-0.000003,0.00000108,600,-0.00000057,0.000000,-0.000003,0.00000126,600,0.00000671,0.000007,0.000007,0.00000000,600,0.03,2,0,0.17,600,0.00,0,0,0.00,600,12.4837,12.54,12.43,51.35,55,49,26.11,121769
2025-03-02 18:30:00,0.3536,0.56,0.32,0.0558,600,95.0878,95.81,94.30,0.4093,600,25.05155,25.104,25.020,0.02560,600,0.000,0.0,0.0,0.000,600,0.000,0.0,0.0,0.000,600,0.689,0.7,0.7,0.000,600,600,0.0,---,---,---,---,0,0.5505155,0.55104,0.55020,0.0002560,600,0.950878,0.9581,0.9430,0.004093,600,-0.00000031,0.000000,-0.000003,0.00000098,600,-0.00000041,0.000000,-0.000003,0.00000111,600,0.00000671,0.000007,0.000007,0.00000000,600,0.43,3,0,0.71,600,0.00,0,0,0.00,600,12.4826,12.63,12.41,51.36,53,49,26.03,121817
2025-03-02 18:40:00,0.3200,0.32,0.32,0.0000,600,95.7084,95.91,95.54,0.1005,600,25.02074,25.030,25.010,0.00422,600,0.000,0.0,0.0,0.000,600,0.000,0.0,0.0,0.000,600,0.688,0.7,0.3,0.014,600,600,0.0,---,---,---,---,0,0.5502074,0.55030,0.55010,0.0000422,600,0.957084,0.9591,0.9554,0.001005,600,-0.00000042,0.000000,-0.000003,0.00000111,600,-0.00000061,0.000000,-0.000003,0.00000130,600,0.00000670,0.000007,0.000003,0.00000014,600,0.00,0,0,0.00,600,0.00,0,0,0.00,600,12.4797,12.54,12.43,51.35,54,49,26.00,121867
2025-03-02 18:50:00,0.3263,0.48,0.32,0.0228,600,95.5392,95.97,95.24,0.1878,600,25.01525,25.023,25.003,0.00378,600,0.000,0.0,0.0,0.000,600,0.000,0.0,0.0,0.000,600,0.689,0.7,0.7,0.000,600,600,0.0,---,---,---,---,0,0.5501525,0.55023,0.55003,0.0000378,600,0.955392,0.9597,0.9524,0.001878,600,-0.00000034,0.000000,-0.000003,0.00000101,600,-0.00000064,0.000000,-0.000003,0.00000132,600,0.00000671,0.000007,0.000007,0.00000000,600,0.08,2,0,0.29,600,0.00,0,0,0.00,600,12.4794,12.64,12.43,51.35,54,49,26.00,121915
2025-03-02 19:00:00,0.3213,0.40,0.32,0.0101,600,95.8496,96.44,95.54,0.2193,600,25.00207,25.030,24.983,0.01134,600,0.000,0.0,0.0,0.000,600,0.000,0.0,0.0,0.000,600,0.689,0.7,0.7,0.000,600,600,0.0,---,---,---,---,0,0.5500207,0.55030,0.54983,0.0001134,600,0.958496,0.9644,0.9554,0.002193,600,-0.00000004,0.000000,-0.000003,0.00000036,600,-0.00000007,0.000000,-0.000003,0.00000049,600,0.00000671,0.000007,0.000007,0.00000000,600,0.02,1,0,0.13,600,0.00,0,0,0.00,600,12.4760,12.53,12.37,51.49,56,49,25.99,121964
2025-03-02 19:10:00,0.3406,0.48,0.32,0.0437,600,96.1857,96.38,95.87,0.1432,600,25.02275,25.034,25.010,0.00515,600,0.000,0.0,0.0,0.000,600,0.000,0.0,0.0,0.000,600,0.689,0.7,0.7,0.000,600,600,0.0,---,---,---,---,0,0.5502275,0.55034,0.55010,0.0000515,600,0.961857,0.9638,0.9587,0.001432,600,-0.00000002,0.000000,-0.000003,0.00000024,600,-0.00000007,0.000000,-0.000003,0.00000049,600,0.00000671,0.000007,0.000007,0.00000000,600,0.26,2,0,0.55,600,0.00,0,0,0.00,600,12.4737,12.61,12.43,51.48,56,50,25.98,122012
2025-03-02 19:20:00,0.3323,0.56,0.32,0.0352,600,96.3581,96.51,96.14,0.0872,600,25.04713,25.064,25.020,0.01103,600,0.000,0.0,0.0,0.000,600,0.000,0.0,0.0,0.000,600,0.687,0.7,0.3,0.028,600,600,0.0,---,---,---,---,0,0.5504713,0.55064,0.55020,0.0001103,600,0.963581,0.9651,0.9614,0.000872,600,-0.00000004,0.000000,-0.000003,0.00000039,600,-0.00000015,0.000000,-0.000003,0.00000068,600,0.00000669,0.000007,0.000003,0.00000027,600,0.16,3,0,0.45,600,0.00,0,0,0.00,600,12.4734,12.61,12.41,51.31,53,49,25.97,122060
2025-03-02 19:30:00,0.4246,0.87,0.32,0.1059,600,96.8019,97.42,96.18,0.3411,600,25.07223,25.104,25.037,0.01940,600,0.000,0.0,0.0,0.000,600,0.000,0.0,0.0,0.000,600,0.685,0.7,0.3,0.034,600,600,0.0,---,---,---,---,0,0.5507223,0.55104,0.55037,0.0001940,600,0.968019,0.9742,0.9618,0.003411,600,-0.00000008,0.000000,-0.000003,0.00000053,600,-0.00000012,0.000000,-0.000003,0.00000062,600,0.00000668,0.000007,0.000003,0.00000033,600,1.33,7,0,1.34,600,0.00,0,0,0.00,600,12.4713,12.54,12.41,51.41,54,48,25.97,122108
2025-03-02 19:40:00,0.3802,0.71,0.32,0.0894,600,96.4617,96.65,96.28,0.0715,600,25.06457,25.081,25.034,0.01012,600,0.000,0.0,0.0,0.000,600,0.000,0.0,0.0,0.000,600,0.678,0.7,0.3,0.060,600,600,0.0,---,---,---,---,0,0.5506457,0.55081,0.55034,0.0001012,600,0.964617,0.9665,0.9628,0.000715,600,-0.00000146,0.000000,-0.000003,0.00000167,600,-0.00000209,0.000000,-0.000007,0.00000164,600,0.00000660,0.000007,0.000003,0.00000059,600,0.76,5,0,1.13,600,0.00,0,0,0.00,600,12.4686,12.53,12.41,51.45,56,48,25.96,122156
2025-03-02 19:50:00,0.3234,0.48,0.32,0.0167,600,96.4437,96.61,96.31,0.0881,600,25.02385,25.044,25.010,0.00883,600,0.000,0.0,0.0,0.000,600,0.000,0.0,0.0,0.000,600,0.669,0.7,0.3,0.080,600,600,0.0,---,---,---,---,0,0.5502385,0.55044,0.55010,0.0000883,600,0.964437,0.9661,0.9631,0.000881,600,-0.00000181,0.000000,-0.000003,0.00000168,600,-0.00000252,0.000000,-0.000007,0.00000147,600,0.00000652,0.000007,0.000003,0.00000078,600,0.04,2,0,0.21,600,0.00,0,0,0.00,600,12.4653,12.58,12.40,51.29,57,49,25.95,122204
2025-03-02 20:00:00,0.3203,0.40,0.32,0.0045,600,96.2709,96.58,95.91,0.1850,600,24.98576,25.013,24.956,0.01692,600,0.000,0.0,0.0,0.000,600,0.000,0.0,0.0,0.000,600,0.649,0.7,0.3,0.111,600,600,0.0,---,---,---,---,0,0.5498576,0.55013,0.54956,0.0001692,600,0.962709,0.9658,0.9591,0.001850,600,-0.00000323,0.000000,-0.000007,0.00000088,600,-0.00000378,0.000000,-0.000007,0.00000129,600,0.00000632,0.000007,0.000003,0.00000108,600,0.00,1,0,0.06,600,0.00,0,0,0.00,600,12.4607,12.51,12.38,51.48,55,49,25.91,122252
2025-03-02 20:10:00,0.3565,0.64,0.32,0.0582,600,96.3766,96.55,96.28,0.0502,600,24.91388,24.966,24.849,0.03553,600,0.000,0.0,0.0,0.000,600,0.000,0.0,0.0,0.000,600,0.601,0.7,0.3,0.150,600,600,0.0,---,---,---,---,0,0.5491388,0.54966,0.54849,0.0003553,600,0.963766,0.9655,0.9628,0.000502,600,-0.00000305,0.000000,-0.000007,0.00000111,600,-0.00000353,0.000000,-0.000007,0.00000107,600,0.00000586,0.000007,0.000003,0.00000146,600,0.46,4,0,0.74,600,0.00,0,0,0.00,600,12.4589,12.54,12.40,51.59,55,50,25.86,122300
2025-03-02 20:20:00,0.3316,0.48,0.32,0.0333,600,96.7812,96.95,96.51,0.0910,600,24.82342,24.852,24.795,0.01663,600,0.000,0.0,0.0,0.000,600,0.000,0.0,0.0,0.000,600,0.579,0.7,0.3,0.160,600,600,0.0,---,---,---,---,0,0.5482342,0.54852,0.54795,0.0001663,600,0.967812,0.9695,0.9651,0.000910,600,-0.00000200,0.000000,-0.000003,0.00000165,600,-0.00000234,0.000000,-0.000007,0.00000163,600,0.00000564,0.000007,0.000003,0.00000156,600,0.15,2,0,0.42,600,0.00,0,0,0.00,600,12.4574,12.51,12.39,51.52,55,50,25.77,122348
2025-03-02 20:30:00,0.3277,0.48,0.32,0.0252,600,96.9716,97.08,96.85,0.0469,600,24.78507,24.802,24.752,0.01092,600,0.000,0.0,0.0,0.000,600,0.000,0.0,0.0,0.000,600,0.580,0.7,0.3,0.160,600,600,0.0,---,---,---,---,0,0.5478507,0.54802,0.54752,0.0001092,600,0.969716,0.9708,0.9685,0.000469,600,-0.00000223,0.000000,-0.000003,0.00000159,600,-0.00000254,0.000000,-0.000007,0.00000147,600,0.00000565,0.000007,0.000003,0.00000156,600,0.10,2,0,0.32,600,0.00,0,0,0.00,600,12.4564,12.54,12.33,51.47,55,49,25.66,122396
2025-03-02 20:40:00,0.3228,0.48,0.32,0.0152,600,96.9891,97.15,96.85,0.0925,600,24.74104,24.758,24.728,0.00520,600,0.000,0.0,0.0,0.000,600,0.000,0.0,0.0,0.000,600,0.607,0.7,0.3,0.147,600,600,0.0,---,---,---,---,0,0.5474104,0.54758,0.54728,0.0000520,600,0.969891,0.9715,0.9685,0.000925,600,-0.00000238,0.000000,-0.000007,0.00000154,600,-0.00000303,0.000000,-0.000007,0.00000120,600,0.00000591,0.000007,0.000003,0.00000143,600,0.04,2,0,0.19,600,0.00,0,0,0.00,600,12.4515,12.50,12.39,51.52,56,50,25.58,122445
2025-03-02 20:50:00,0.3204,0.40,0.32,0.0056,600,97.2339,97.35,97.08,0.0758,600,24.76461,24.785,24.742,0.00995,600,0.000,0.0,0.0,0.000,600,0.000,0.0,0.0,0.000,600,0.687,0.7,0.3,0.028,600,600,0.0,---,---,---,---,0,0.5476461,0.54785,0.54742,0.0000995,600,0.972339,0.9735,0.9708,0.000758,600,-0.00000102,0.000000,-0.000003,0.00000155,600,-0.00000127,0.000000,-0.000003,0.00000163,600,0.00000669,0.000007,0.000003,0.00000027,600,0.01,1,0,0.07,600,0.00,0,0,0.00,600,12.4504,12.55,12.39,51.33,54,49,25.47,122493
2025-03-02 21:00:00,0.3213,0.40,0.32,0.0101,600,97.2864,97.52,97.08,0.1473,600,24.75830,24.772,24.745,0.00610,600,0.000,0.0,0.0,0.000,600,0.000,0.0,0.0,0.000,600,0.663,0.7,0.3,0.091,600,600,0.0,---,---,---,---,0,0.5475830,0.54772,0.54745,0.0000610,600,0.972864,0.9752,0.9708,0.001473,600,-0.00000012,0.000000,-0.000003,0.00000062,600,-0.00000024,0.000000,-0.000003,0.00000086,600,0.00000646,0.000007,0.000003,0.00000088,600,0.02,1,0,0.13,600,0.00,0,0,0.00,600,12.4470,12.53,12.39,51.59,56,48,25.35,122541
2025-03-02 21:10:00,0.3201,0.40,0.32,0.0032,600,97.3020,97.45,97.15,0.0771,600,24.76388,24.775,24.745,0.00588,600,0.000,0.0,0.0,0.000,600,0.000,0.0,0.0,0.000,600,0.661,0.7,0.3,0.093,600,600,0.0,---,---,---,---,0,0.5476388,0.54775,0.54745,0.0000588,600,0.973020,0.9745,0.9715,0.000771,600,-0.00000018,0.000000,-0.000003,0.00000076,600,-0.00000038,0.000000,-0.000003,0.00000107,600,0.00000644,0.000007,0.000003,0.00000091,600,0.00,1,0,0.04,600,0.00,0,0,0.00,600,12.4433,12.56,12.38,51.54,58,49,25.28,122589
2025-03-02 21:20:00,0.3201,0.40,0.32,0.0032,600,97.4009,97.59,97.15,0.1124,600,24.76264,24.792,24.742,0.01525,600,0.000,0.0,0.0,0.000,600,0.000,0.0,0.0,0.000,600,0.654,0.7,0.3,0.104,600,600,0.0,---,---,---,---,0,0.5476264,0.54792,0.54742,0.0001525,600,0.974009,0.9759,0.9715,0.001124,600,-0.00000005,0.000000,-0.000003,0.00000041,600,-0.00000007,0.000000,-0.000003,0.00000047,600,0.00000637,0.000007,0.000003,0.00000101,600,0.00,1,0,0.04,600,0.00,0,0,0.00,600,12.4413,12.51,12.33,51.46,57,49,25.25,122637
2025-03-02 21:30:00,0.3350,0.56,0.32,0.0397,600,97.7376,98.02,97.42,0.1535,600,24.82830,24.879,24.789,0.02240,600,0.000,0.0,0.0,0.000,600,0.000,0.0,0.0,0.000,600,0.684,0.7,0.3,0.039,600,600,0.0,---,---,---,---,0,0.5482830,0.54879,0.54789,0.0002240,600,0.977376,0.9802,0.9742,0.001535,600,0.00000000,0.000000,0.000000,0.00000000,600,0.00000000,0.000000,0.000000,0.00000000,600,0.00000667,0.000007,0.000003,0.00000038,600,0.19,3,0,0.50,600,0.00,0,0,0.00,600,12.4400,12.49,12.39,51.46,57,50,25.19,122685
2025-03-02 21:40:00,0.3339,0.48,0.32,0.0346,600,97.7893,98.06,97.59,0.1385,600,24.89149,24.923,24.872,0.01109,600,0.000,0.0,0.0,0.000,600,0.000,0.0,0.0,0.000,600,0.637,0.7,0.3,0.123,600,600,0.0,---,---,---,---,0,0.5489149,0.54923,0.54872,0.0001109,600,0.977893,0.9806,0.9759,0.001385,600,0.00000000,0.000000,0.000000,0.00000000,600,-0.00000001,0.000000,-0.000003,0.00000014,600,0.00000620,0.000007,0.000003,0.00000120,600,0.18,2,0,0.44,600,0.00,0,0,0.00,600,12.4368,12.56,12.38,51.59,55,50,25.24,122733
2025-03-02 21:50:00,0.4225,0.71,0.32,0.1192,600,97.8251,98.02,97.59,0.1025,600,24.94778,24.980,24.916,0.01951,600,0.000,0.0,0.0,0.000,600,0.000,0.0,0.0,0.000,600,0.635,0.7,0.3,0.125,600,600,0.0,---,---,---,---,0,0.5494778,0.54980,0.54916,0.0001951,600,0.978251,0.9802,0.9759,0.001025,600,0.00000000,0.000000,0.000000,0.00000000,600,-0.00000001,0.000000,-0.000003,0.00000014,600,0.00000619,0.000007,0.000003,0.00000122,600,1.30,5,0,1.51,600,0.00,0,0,0.00,600,12.4344,12.49,12.39,51.69,57,50,25.28,122781
2025-03-02 22:00:00,0.3624,0.56,0.32,0.0559,600,97.8796,98.02,97.59,0.0938,600,25.00153,25.040,24.953,0.02512,600,0.000,0.0,0.0,0.000,600,0.000,0.0,0.0,0.000,600,0.576,0.7,0.3,0.162,600,600,0.0,---,---,---,---,0,0.5500153,0.55040,0.54953,0.0002512,600,0.978796,0.9802,0.9759,0.000938,600,-0.00000001,0.000000,-0.000003,0.00000014,600,-0.00000001,0.000000,-0.000003,0.00000019,600,0.00000561,0.000007,0.000003,0.00000157,600,0.54,3,0,0.71,600,0.00,0,0,0.00,600,12.4341,12.61,12.38,51.51,54,49,25.34,122829
2025-03-02 22:10:00,0.4376,0.71,0.32,0.0808,600,97.7547,97.92,97.62,0.0743,600,25.04840,25.074,25.027,0.01493,600,0.000,0.0,0.0,0.000,600,0.000,0.0,0.0,0.000,600,0.587,0.7,0.3,0.157,600,600,0.0,---,---,---,---,0,0.5504840,0.55074,0.55027,0.0001493,600,0.977547,0.9792,0.9762,0.000743,600,-0.00000001,0.000000,-0.000003,0.00000019,600,-0.00000001,0.000000,-0.000003,0.00000019,600,0.00000572,0.000007,0.000003,0.00000153,600,1.49,5,0,1.03,600,0.00,0,0,0.00,600,12.4314,12.48,12.38,51.55,57,50,25.41,122879
2025-03-02 22:20:00,0.4164,0.71,0.32,0.1140,600,97.3867,97.72,97.18,0.1188,600,25.05541,25.074,25.044,0.00682,600,0.000,0.0,0.0,0.000,600,0.000,0.0,0.0,0.000,600,0.531,0.7,0.3,0.172,600,600,0.0,---,---,---,---,0,0.5505541,0.55074,0.55044,0.0000682,600,0.973867,0.9772,0.9718,0.001188,600,-0.00000009,0.000000,-0.000003,0.00000054,600,-0.00000023,0.000000,-0.000003,0.00000085,600,0.00000517,0.000007,0.000003,0.00000167,600,1.22,5,0,1.45,600,0.00,0,0,0.00,600,12.4284,12.49,12.31,51.52,54,50,25.49,122927
2025-03-02 22:30:00,0.3933,0.71,0.32,0.1082,600,97.2277,97.35,97.12,0.0609,600,25.04240,25.054,25.030,0.00460,600,0.000,0.0,0.0,0.000,600,0.000,0.0,0.0,0.000,600,0.507,0.7,0.3,0.172,600,600,0.0,---,---,---,---,0,0.5504240,0.55054,0.55030,0.0000460,600,0.972277,0.9735,0.9712,0.000609,600,-0.00000085,0.000000,-0.000003,0.00000146,600,-0.00000108,0.000000,-0.000003,0.00000157,600,0.00000493,0.000007,0.000003,0.00000167,600,0.93,5,0,1.37,600,0.00,0,0,0.00,600,12.4275,12.55,12.37,51.33,54,47,25.56,122976
2025-03-02 22:40:00,0.4792,0.95,0.32,0.1350,600,97.3341,97.42,97.22,0.0353,600,25.04329,25.050,25.034,0.00335,600,0.000,0.0,0.0,0.000,600,0.000,0.0,0.0,0.000,600,0.558,0.7,0.3,0.167,600,600,0.0,---,---,---,---,0,0.5504329,0.55050,0.55034,0.0000335,600,0.973341,0.9742,0.9722,0.000353,600,-0.00000008,0.000000,-0.000003,0.00000051,600,-0.00000013,0.000000,-0.000003,0.00000065,600,0.00000543,0.000007,0.000003,0.00000163,600,2.02,8,0,1.71,600,0.00,0,0,0.00,600,12.4240,12.49,12.38,51.48,56,49,25.55,123024
2025-03-02 22:50:00,0.4718,0.95,0.32,0.1393,600,97.1168,97.28,96.98,0.0660,600,25.01752,25.044,25.003,0.00990,600,0.000,0.0,0.0,0.000,600,0.000,0.0,0.0,0.000,600,0.497,0.7,0.3,0.171,600,600,0.0,---,---,---,---,0,0.5501752,0.55044,0.55003,0.0000990,600,0.971168,0.9728,0.9698,0.000660,600,-0.00000012,0.000000,-0.000003,0.00000063,600,-0.00000027,0.000000,-0.000003,0.00000091,600,0.00000485,0.000007,0.000003,0.00000167,600,1.93,8,0,1.77,600,0.00,0,0,0.00,600,12.4232,12.48,12.37,51.45,55,49,25.60,123072
2025-03-02 23:00:00,0.4083,0.79,0.32,0.1052,600,96.8149,97.12,96.34,0.2148,600,24.98049,25.013,24.930,0.01948,600,0.000,0.0,0.0,0.000,600,0.000,0.0,0.0,0.000,600,0.522,0.7,0.3,0.172,600,600,0.0,---,---,---,---,0,0.5498049,0.55013,0.54930,0.0001948,600,0.968149,0.9712,0.9634,0.002148,600,-0.00000106,0.000000,-0.000003,0.00000156,600,-0.00000152,0.000000,-0.000007,0.00000171,600,0.00000508,0.000007,0.000003,0.00000168,600,1.12,6,0,1.33,600,0.00,0,0,0.00,600,12.4194,12.54,12.35,51.64,55,50,25.60,123120
2025-03-02 23:10:00,0.4256,0.64,0.32,0.0729,600,96.6816,97.08,96.24,0.2495,600,24.88649,24.930,24.862,0.01821,600,0.000,0.0,0.0,0.000,600,0.000,0.0,0.0,0.000,600,0.440,0.7,0.0,0.156,600,600,0.0,---,---,---,---,0,0.5488649,0.54930,0.54862,0.0001821,600,0.966816,0.9708,0.9624,0.002495,600,-0.00000272,0.000000,-0.000003,0.00000132,600,-0.00000306,0.000000,-0.000007,0.00000126,600,0.00000428,0.000007,0.000000,0.00000152,600,1.34,4,0,0.93,600,0.00,0,0,0.00,600,12.4158,12.49,12.35,51.64,56,50,25.59,123168
2025-03-02 23:20:00,0.5290,0.87,0.32,0.1129,600,97.0859,97.25,96.88,0.0893,600,24.86625,24.879,24.852,0.00568,600,0.000,0.0,0.0,0.000,600,0.000,0.0,0.0,0.000,600,0.528,0.7,0.3,0.172,600,600,0.0,---,---,---,---,0,0.5486625,0.54879,0.54852,0.0000568,600,0.970859,0.9725,0.9688,0.000893,600,-0.00000035,0.000000,-0.000003,0.00000102,600,-0.00000050,0.000000,-0.000003,0.00000120,600,0.00000514,0.000007,0.000003,0.00000167,600,2.65,7,0,1.43,600,0.00,0,0,0.00,600,12.4136,12.46,12.37,51.45,54,50,25.52,123216
2025-03-02 23:30:00,0.4122,0.64,0.32,0.0767,600,97.0192,97.32,96.61,0.1951,600,24.87620,24.893,24.862,0.00823,600,0.000,0.0,0.0,0.000,600,0.000,0.0,0.0,0.000,600,0.548,0.7,0.3,0.169,600,600,0.0,---,---,---,---,0,0.5487620,0.54893,0.54862,0.0000823,600,0.970192,0.9732,0.9661,0.001951,600,-0.00000035,0.000000,-0.000003,0.00000102,600,-0.00000058,0.000000,-0.000003,0.00000127,600,0.00000534,0.000007,0.000003,0.00000165,600,1.17,4,0,0.97,600,0.00,0,0,0.00,600,12.4087,12.48,12.35,51.56,55,49,25.51,123264
2025-03-02 23:40:00,0.3871,0.71,0.32,0.0699,600,96.8111,96.98,96.65,0.0869,600,24.84006,24.872,24.819,0.01286,600,0.000,0.0,0.0,0.000,600,0.000,0.0,0.0,0.000,600,0.446,0.7,0.3,0.157,600,600,0.0,---,---,---,---,0,0.5484006,0.54872,0.54819,0.0001286,600,0.968111,0.9698,0.9665,0.000869,600,-0.00000168,0.000000,-0.000003,0.00000168,600,-0.00000216,0.000000,-0.000003,0.00000161,600,0.00000435,0.000007,0.000003,0.00000153,600,0.85,5,0,0.89,600,0.00,0,0,0.00,600,12.4051,12.46,12.34,51.45,56,49,25.41,123312
2025-03-02 23:50:00,0.3979,0.71,0.32,0.0899,600,96.7793,97.15,96.34,0.2525,600,24.77544,24.825,24.748,0.02462,600,0.000,0.0,0.0,0.000,600,0.000,0.0,0.0,0.000,600,0.453,0.7,0.3,0.160,600,600,0.0,---,---,---,---,0,0.5477544,0.54825,0.54748,0.0002462,600,0.967793,0.9715,0.9634,0.002525,600,-0.00000192,0.000000,-0.000003,0.00000166,600,-0.00000256,0.000000,-0.000007,0.00000144,600,0.00000442,0.000007,0.000003,0.00000156,600,0.99,5,0,1.14,600,0.00,0,0,0.00,600,12.4021,12.44,12.33,51.58,54,50,25.34,123360

[System]
serial=G241079
type=Meteo-42A
name=TMS_SUNCO
timezone=UTC-03:00
source_data_storage_total=1960.512 MiB
software_version=2.3.2+1
latitude=
longitude=
gps_fix=
altitude=
cecs_power_permanent=false
modem_permanent=true;none
ethernet_permanent=true;S1
[Summary]
csv_created=2025-03-03 08:02:07
source_data_storage_used=61.387 MiB
metering_wwan0=0/0 bytes
metering_usb0=0/0 bytes
metering_eth0=32983606/36550271 bytes
Piranômetro 1;solar_irradiance;total=17789541.746
Piranômetro 2;solar_irradiance;total=17791852.522
Piranômetro 3;solar_irradiance;total=3378545.415
Pluviômetro;precipitation;total=6.200
[Evaluation]
partial=false
file_interval=daily
stat_interval=10 min
[Adjustment]
CS1=199.99 μA
VS1=5001 mV
[Anemômetro;wind_speed]
statistics=Avg;Max;Min;StdDev;Count;
unit=m/s
sensor_label=Anemômetro
sensor_height=2
sensor_type=anemometer
sensor_model=Anemometer Thies Compact
formula=linear_cnt
params=C1;var_period;var_offset;var_slope;var_minimal_value
var_period=1
var_offset=0.32
var_slope=0.07881
var_minimal_value=0.32
[TH;humidity]
statistics=Avg;Max;Min;StdDev;Count;
unit=%
sensor_label=TH
sensor_height=1.8
sensor_type=hygro_thermo
sensor_model=Temperature Humidity sensor Galltec active KPC T/H
formula=linear_humidity
params=A2;var_clip;var_offset;var_slope
var_clip=110
var_offset=0
var_slope=100
[TH;temperature]
statistics=Avg;Max;Min;StdDev;Count;
unit=°C
sensor_label=TH
sensor_height=1.8
sensor_type=hygro_thermo
sensor_model=Temperature Humidity sensor Galltec active KPC T/H
formula=linear
params=A1;var_offset;var_slope
var_offset=-30
var_slope=100
[Piranômetro 1;solar_irradiance]
statistics=Avg;Max;Min;StdDev;Count;
unit=W/m²
sensor_label=Piranômetro 1
sensor_height=2.5
sensor_type=pyranometer
sensor_model=Pyranometer Kipp & Zonen CMP 10
formula=linear_pyr
params=A3;var_sensitivity
var_sensitivity=9.49
[Piranômetro 2;solar_irradiance]
statistics=Avg;Max;Min;StdDev;Count;
unit=W/m²
sensor_label=Piranômetro 2
sensor_height=2.5
sensor_type=pyranometer
sensor_model=Pyranometer Kipp & Zonen CMP 10
formula=linear_pyr
params=A4;var_sensitivity
var_sensitivity=9.48
[Piranômetro 3;solar_irradiance]
statistics=Avg;Max;Min;StdDev;Count;
unit=W/m²
sensor_label=Piranômetro 3
sensor_height=1.8
sensor_type=pyranometer
sensor_model=Pyranometer Kipp & Zonen CMP 10
formula=linear_pyr
params=A5;var_sensitivity
var_sensitivity=9.74
[Pluviômetro;precipitation]
statistics=Count;Sum;
unit=mm
sensor_label=Pluviômetro
sensor_height=1.8
sensor_type=precipitation
sensor_model=Precipitation Sensor Young tipping bucket Rain Gauge
formula=linear
params=C2;var_offset;var_slope
var_offset=0
var_slope=0.1
[Albedo;albedo]
statistics=Avg;Max;Min;StdDev;Count;
formula=albedo
params=Piranômetro 3;Piranômetro 1
[A1]
statistics=Avg;Max;Min;StdDev;Count;
unit=V
rate=1 s
range=1 V
[A2]
statistics=Avg;Max;Min;StdDev;Count;
unit=V
rate=1 s
range=10 V
[A3]
statistics=Avg;Max;Min;StdDev;Count;
unit=V
rate=1 s
range=0.1 V
[A4]
statistics=Avg;Max;Min;StdDev;Count;
unit=V
rate=1 s
range=0.1 V
[A5]
statistics=Avg;Max;Min;StdDev;Count;
unit=V
rate=1 s
range=0.1 V
[C1]
statistics=Avg;Max;Min;StdDev;Count;
unit=I
rate=1 s
[C2]
statistics=Avg;Max;Min;StdDev;Count;
unit=I
rate=1 s
[V]
statistics=Avg;Max;Min;
unit=V
[I]
statistics=Avg;Max;Min;
unit=mA
[T]
statistics=Avg;
unit=°C
